name,code,group,required,active
원익IPS,240810,전공정 장비,1,1
주성엔지니어링,036930,전공정 장비,1,1
유진테크,084370,전공정 장비,1,1
테스,095610,전공정 장비,1,1
피에스케이,319660,전공정 장비,1,1
HPSP,403870,전공정 장비,1,1
케이씨텍,281820,전공정 장비,1,1
GST,083450,전공정 장비,1,1
엘오티베큠,083310,전공정 장비,1,1
에스티아이,039440,전공정 장비,1,1
넥스틴,348210,테스트·검사·인터페이스,1,1
한미반도체,042700,후공정·패키징,1,1
PSK홀딩스,031980,후공정·패키징,1,1
이오테크닉스,039030,후공정·패키징,1,1
테크윙,089030,후공정·패키징,1,1
엑시콘,092870,테스트·검사·인터페이스,1,1
하나마이크론,067310,후공정·패키징,1,1
두산테스나,131970,후공정·패키징,1,1
SFA반도체,036540,후공정·패키징,1,1
네패스,033640,후공정·패키징,1,1
ISC,095340,테스트·검사·인터페이스,1,1
리노공업,058470,테스트·검사·인터페이스,1,1
티에스이,131290,테스트·검사·인터페이스,1,1
기가비스,420770,테스트·검사·인터페이스,1,1
인텍플러스,064290,테스트·검사·인터페이스,1,1
오킨스전자,080580,테스트·검사·인터페이스,1,1
마이크로컨텍솔,098120,테스트·검사·인터페이스,1,1
티씨케이,064760,공정부품·소모품,1,1
원익QnC,074600,공정부품·소모품,1,1
하나머티리얼즈,166090,공정부품·소모품,1,1
코미코,183300,공정부품·소모품,1,1
월덱스,101160,공정부품·소모품,1,1
한솔아이원스,114810,공정부품·소모품,1,1
비씨엔씨,146320,공정부품·소모품,1,1
솔브레인,357780,소재·케미컬,1,1
동진쎄미켐,005290,소재·케미컬,1,1
이엔에프테크놀로지,102710,소재·케미컬,1,1
원익머트리얼즈,104830,소재·케미컬,1,1
한솔케미칼,014680,소재·케미컬,1,1
디엔에프,092070,소재·케미컬,1,1
레이크머티리얼즈,281740,소재·케미컬,1,1
심텍,222800,기판·PCB,1,1
대덕전자,353200,기판·PCB,1,1
이수페타시스,007660,기판·PCB,1,1
티엘비,356860,기판·PCB,1,1
코리아써키트,007810,기판·PCB,1,1
해성디에스,195870,기판·PCB,1,1
