snapshot_kst,mode,market_date,name,code,group,source,price,change_pct,volume,turnover_value_raw,market_cap_est_won,fallback_note
2026-09-29T14:50:42+09:00,manual,20260929,원익IPS,240810,전공정 장비,naver_mobile_fallback,128500.0,4.3,,,,Primary KIS snapshot missing/stale/incomplete; minimal public-web core fields only
2026-09-29T14:50:42+09:00,manual,20260929,주성엔지니어링,036930,전공정 장비,naver_mobile_fallback,218500.0,4.55,,,,Primary KIS snapshot missing/stale/incomplete; minimal public-web core fields only
2026-09-29T14:50:42+09:00,manual,20260929,유진테크,084370,전공정 장비,naver_mobile_fallback,166200.0,7.16,,,,Primary KIS snapshot missing/stale/incomplete; minimal public-web core fields only
2026-09-29T14:50:42+09:00,manual,20260929,테스,095610,전공정 장비,naver_mobile_fallback,168700.0,4.2,,,,Primary KIS snapshot missing/stale/incomplete; minimal public-web core fields only
2026-09-29T14:50:42+09:00,manual,20260929,피에스케이,319660,전공정 장비,naver_mobile_fallback,145300.0,3.05,,,,Primary KIS snapshot missing/stale/incomplete; minimal public-web core fields only
2026-09-29T14:50:42+09:00,manual,20260929,HPSP,403870,전공정 장비,naver_mobile_fallback,60600.0,8.21,,,,Primary KIS snapshot missing/stale/incomplete; minimal public-web core fields only
2026-09-29T14:50:42+09:00,manual,20260929,케이씨텍,281820,전공정 장비,naver_mobile_fallback,87100.0,2.71,,,,Primary KIS snapshot missing/stale/incomplete; minimal public-web core fields only
2026-09-29T14:50:42+09:00,manual,20260929,GST,083450,전공정 장비,naver_mobile_fallback,52800.0,6.88,,,,Primary KIS snapshot missing/stale/incomplete; minimal public-web core fields only
2026-09-29T14:50:42+09:00,manual,20260929,엘오티베큠,083310,전공정 장비,naver_mobile_fallback,10880.0,0.46,,,,Primary KIS snapshot missing/stale/incomplete; minimal public-web core fields only
2026-09-29T14:50:42+09:00,manual,20260929,에스티아이,039440,전공정 장비,naver_mobile_fallback,22600.0,8.39,,,,Primary KIS snapshot missing/stale/incomplete; minimal public-web core fields only
2026-09-29T14:50:42+09:00,manual,20260929,넥스틴,348210,테스트·검사·인터페이스,naver_mobile_fallback,33750.0,0.75,,,,Primary KIS snapshot missing/stale/incomplete; minimal public-web core fields only
2026-09-29T14:50:42+09:00,manual,20260929,한미반도체,042700,후공정·패키징,naver_mobile_fallback,249000.0,6.18,,,,Primary KIS snapshot missing/stale/incomplete; minimal public-web core fields only
2026-09-29T14:50:42+09:00,manual,20260929,피에스케이홀딩스,031980,후공정·패키징,naver_mobile_fallback,175900.0,5.39,,,,Primary KIS snapshot missing/stale/incomplete; minimal public-web core fields only
2026-09-29T14:50:42+09:00,manual,20260929,이오테크닉스,039030,후공정·패키징,naver_mobile_fallback,494500.0,5.55,,,,Primary KIS snapshot missing/stale/incomplete; minimal public-web core fields only
2026-09-29T14:50:42+09:00,manual,20260929,테크윙,089030,후공정·패키징,naver_mobile_fallback,50100.0,1.52,,,,Primary KIS snapshot missing/stale/incomplete; minimal public-web core fields only
2026-09-29T14:50:42+09:00,manual,20260929,엑시콘,092870,테스트·검사·인터페이스,naver_mobile_fallback,47500.0,1.06,,,,Primary KIS snapshot missing/stale/incomplete; minimal public-web core fields only
2026-09-29T14:50:42+09:00,manual,20260929,하나마이크론,067310,후공정·패키징,naver_mobile_fallback,45850.0,-0.22,,,,Primary KIS snapshot missing/stale/incomplete; minimal public-web core fields only
2026-09-29T14:50:42+09:00,manual,20260929,두산테스나,131970,후공정·패키징,naver_mobile_fallback,95100.0,4.85,,,,Primary KIS snapshot missing/stale/incomplete; minimal public-web core fields only
2026-09-29T14:50:42+09:00,manual,20260929,SFA반도체,036540,후공정·패키징,naver_mobile_fallback,10360.0,-1.99,,,,Primary KIS snapshot missing/stale/incomplete; minimal public-web core fields only
2026-09-29T14:50:42+09:00,manual,20260929,네패스,033640,후공정·패키징,naver_mobile_fallback,29350.0,8.5,,,,Primary KIS snapshot missing/stale/incomplete; minimal public-web core fields only
2026-09-29T14:50:42+09:00,manual,20260929,ISC,095340,테스트·검사·인터페이스,naver_mobile_fallback,206000.0,1.23,,,,Primary KIS snapshot missing/stale/incomplete; minimal public-web core fields only
2026-09-29T14:50:42+09:00,manual,20260929,리노공업,058470,테스트·검사·인터페이스,naver_mobile_fallback,72500.0,1.83,,,,Primary KIS snapshot missing/stale/incomplete; minimal public-web core fields only
2026-09-29T14:50:42+09:00,manual,20260929,티에스이,131290,테스트·검사·인터페이스,naver_mobile_fallback,294000.0,0.34,,,,Primary KIS snapshot missing/stale/incomplete; minimal public-web core fields only
2026-09-29T14:50:42+09:00,manual,20260929,기가비스,420770,테스트·검사·인터페이스,naver_mobile_fallback,127500.0,1.27,,,,Primary KIS snapshot missing/stale/incomplete; minimal public-web core fields only
2026-09-29T14:50:42+09:00,manual,20260929,인텍플러스,064290,테스트·검사·인터페이스,naver_mobile_fallback,56100.0,2.75,,,,Primary KIS snapshot missing/stale/incomplete; minimal public-web core fields only
2026-09-29T14:50:42+09:00,manual,20260929,오킨스전자,080580,테스트·검사·인터페이스,naver_mobile_fallback,24950.0,-0.6,,,,Primary KIS snapshot missing/stale/incomplete; minimal public-web core fields only
2026-09-29T14:50:42+09:00,manual,20260929,마이크로컨텍솔,098120,테스트·검사·인터페이스,naver_mobile_fallback,56800.0,-3.24,,,,Primary KIS snapshot missing/stale/incomplete; minimal public-web core fields only
2026-09-29T14:50:42+09:00,manual,20260929,티씨케이,064760,공정부품·소모품,naver_mobile_fallback,296500.0,5.89,,,,Primary KIS snapshot missing/stale/incomplete; minimal public-web core fields only
2026-09-29T14:50:42+09:00,manual,20260929,원익QnC,074600,공정부품·소모품,naver_mobile_fallback,29450.0,2.97,,,,Primary KIS snapshot missing/stale/incomplete; minimal public-web core fields only
2026-09-29T14:50:42+09:00,manual,20260929,하나머티리얼즈,166090,공정부품·소모품,naver_mobile_fallback,59050.0,3.6,,,,Primary KIS snapshot missing/stale/incomplete; minimal public-web core fields only
2026-09-29T14:50:42+09:00,manual,20260929,코미코,183300,공정부품·소모품,naver_mobile_fallback,32850.0,7.7,,,,Primary KIS snapshot missing/stale/incomplete; minimal public-web core fields only
2026-09-29T14:50:42+09:00,manual,20260929,월덱스,101160,공정부품·소모품,naver_mobile_fallback,31950.0,5.62,,,,Primary KIS snapshot missing/stale/incomplete; minimal public-web core fields only
2026-09-29T14:50:42+09:00,manual,20260929,한솔아이원스,114810,공정부품·소모품,naver_mobile_fallback,15070.0,1.14,,,,Primary KIS snapshot missing/stale/incomplete; minimal public-web core fields only
2026-09-29T14:50:42+09:00,manual,20260929,비씨엔씨,146320,공정부품·소모품,naver_mobile_fallback,10340.0,-1.52,,,,Primary KIS snapshot missing/stale/incomplete; minimal public-web core fields only
2026-09-29T14:50:42+09:00,manual,20260929,솔브레인,357780,소재·케미컬,naver_mobile_fallback,385500.0,4.9,,,,Primary KIS snapshot missing/stale/incomplete; minimal public-web core fields only
2026-09-29T14:50:42+09:00,manual,20260929,동진쎄미켐,005290,소재·케미컬,naver_mobile_fallback,46125.0,2.27,,,,Primary KIS snapshot missing/stale/incomplete; minimal public-web core fields only
2026-09-29T14:50:42+09:00,manual,20260929,이엔에프테크놀로지,102710,소재·케미컬,naver_mobile_fallback,46200.0,0.22,,,,Primary KIS snapshot missing/stale/incomplete; minimal public-web core fields only
2026-09-29T14:50:42+09:00,manual,20260929,원익머트리얼즈,104830,소재·케미컬,naver_mobile_fallback,38150.0,7.46,,,,Primary KIS snapshot missing/stale/incomplete; minimal public-web core fields only
2026-09-29T14:50:42+09:00,manual,20260929,한솔케미칼,014680,소재·케미컬,naver_mobile_fallback,246500.0,4.01,,,,Primary KIS snapshot missing/stale/incomplete; minimal public-web core fields only
2026-09-29T14:50:42+09:00,manual,20260929,디엔에프,092070,소재·케미컬,naver_mobile_fallback,13390.0,0.9,,,,Primary KIS snapshot missing/stale/incomplete; minimal public-web core fields only
2026-09-29T14:50:42+09:00,manual,20260929,레이크머티리얼즈,281740,소재·케미컬,naver_mobile_fallback,10850.0,-1.72,,,,Primary KIS snapshot missing/stale/incomplete; minimal public-web core fields only
2026-09-29T14:50:42+09:00,manual,20260929,심텍,222800,기판·PCB,naver_mobile_fallback,150400.0,2.17,,,,Primary KIS snapshot missing/stale/incomplete; minimal public-web core fields only
2026-09-29T14:50:42+09:00,manual,20260929,대덕전자,353200,기판·PCB,naver_mobile_fallback,128900.0,4.54,,,,Primary KIS snapshot missing/stale/incomplete; minimal public-web core fields only
2026-09-29T14:50:42+09:00,manual,20260929,이수페타시스,007660,기판·PCB,naver_mobile_fallback,117700.0,4.81,,,,Primary KIS snapshot missing/stale/incomplete; minimal public-web core fields only
2026-09-29T14:50:42+09:00,manual,20260929,티엘비,356860,기판·PCB,naver_mobile_fallback,44950.0,2.86,,,,Primary KIS snapshot missing/stale/incomplete; minimal public-web core fields only
2026-09-29T14:50:42+09:00,manual,20260929,코리아써키트,007810,기판·PCB,naver_mobile_fallback,74000.0,7.25,,,,Primary KIS snapshot missing/stale/incomplete; minimal public-web core fields only
2026-09-29T14:50:42+09:00,manual,20260929,해성디에스,195870,기판·PCB,naver_mobile_fallback,62000.0,3.33,,,,Primary KIS snapshot missing/stale/incomplete; minimal public-web core fields only
2026-09-29T14:50:42+09:00,manual,20260929,와이씨,232140,테스트·검사·인터페이스,naver_mobile_fallback,14030.0,0.86,,,,Primary KIS snapshot missing/stale/incomplete; minimal public-web core fields only
2026-09-29T14:50:42+09:00,manual,20260929,디아이,003160,테스트·검사·인터페이스,naver_mobile_fallback,36675.0,1.45,,,,Primary KIS snapshot missing/stale/incomplete; minimal public-web core fields only
2026-09-29T14:50:42+09:00,manual,20260929,에이팩트,200470,후공정·패키징,naver_mobile_fallback,8070.0,3.59,,,,Primary KIS snapshot missing/stale/incomplete; minimal public-web core fields only
2026-09-29T14:50:42+09:00,manual,20260929,네패스아크,330860,후공정·패키징,naver_mobile_fallback,31300.0,10.8,,,,Primary KIS snapshot missing/stale/incomplete; minimal public-web core fields only
2026-09-29T14:50:42+09:00,manual,20260929,LB세미콘,061970,후공정·패키징,naver_mobile_fallback,4460.0,0.68,,,,Primary KIS snapshot missing/stale/incomplete; minimal public-web core fields only
2026-09-29T14:50:42+09:00,manual,20260929,티에프이,425420,테스트·검사·인터페이스,naver_mobile_fallback,62700.0,-1.42,,,,Primary KIS snapshot missing/stale/incomplete; minimal public-web core fields only
2026-09-29T14:50:42+09:00,manual,20260929,프로텍,053610,후공정·패키징,naver_mobile_fallback,76500.0,3.94,,,,Primary KIS snapshot missing/stale/incomplete; minimal public-web core fields only
2026-09-29T14:50:42+09:00,manual,20260929,유니셈,036200,전공정 장비,naver_mobile_fallback,10390.0,11.0,,,,Primary KIS snapshot missing/stale/incomplete; minimal public-web core fields only
2026-09-29T14:50:42+09:00,manual,20260929,에프에스티,036810,공정부품·소모품,naver_mobile_fallback,31650.0,4.28,,,,Primary KIS snapshot missing/stale/incomplete; minimal public-web core fields only
2026-09-29T14:50:42+09:00,manual,20260929,와이씨켐,112290,소재·케미컬,naver_mobile_fallback,10620.0,1.24,,,,Primary KIS snapshot missing/stale/incomplete; minimal public-web core fields only
2026-09-29T14:50:42+09:00,manual,20260929,샘씨엔에스,252990,테스트·검사·인터페이스,naver_mobile_fallback,19890.0,7.22,,,,Primary KIS snapshot missing/stale/incomplete; minimal public-web core fields only
2026-09-29T14:50:42+09:00,manual,20260929,제우스,079370,전공정 장비,naver_mobile_fallback,13200.0,5.85,,,,Primary KIS snapshot missing/stale/incomplete; minimal public-web core fields only
2026-09-29T14:50:42+09:00,manual,20260929,케이엔제이,272110,공정부품·소모품,naver_mobile_fallback,29600.0,1.37,,,,Primary KIS snapshot missing/stale/incomplete; minimal public-web core fields only
2026-09-29T14:50:42+09:00,manual,20260929,티이엠씨,425040,소재·케미컬,naver_mobile_fallback,13230.0,0.23,,,,Primary KIS snapshot missing/stale/incomplete; minimal public-web core fields only
2026-09-29T14:50:42+09:00,manual,20260929,덕산테코피아,317330,소재·케미컬,naver_mobile_fallback,12150.0,-7.74,,,,Primary KIS snapshot missing/stale/incomplete; minimal public-web core fields only
2026-09-29T14:50:42+09:00,manual,20260929,파크시스템스,140860,테스트·검사·인터페이스,naver_mobile_fallback,267000.0,1.52,,,,Primary KIS snapshot missing/stale/incomplete; minimal public-web core fields only
