code,name_1540,group_1540,price_1540,change_pct_1540,volume_1540,turnover_value_raw_1540,close_position_pct_1540,upper_wick_pct_1540,volume_vs_20d_x_1540,turnover_vs_20d_x_1540,foreign_today_qty_1540,institution_today_qty_1540,program_today_qty_1540,name_close,group_close,price_close,change_pct_close,volume_close,turnover_value_raw_close,close_position_pct_close,upper_wick_pct_close,volume_vs_20d_x_close,turnover_vs_20d_x_close,foreign_today_qty_close,institution_today_qty_close,program_today_qty_close,price_delta,change_pct_delta,volume_delta,turnover_value_raw_delta,close_position_pct_delta,upper_wick_pct_delta,volume_vs_20d_x_delta,turnover_vs_20d_x_delta,foreign_today_qty_delta,institution_today_qty_delta,program_today_qty_delta,price_hold_pct,post1540_volume_inflow_pct,post1540_turnover_inflow_pct,signal_1540_to_close
003160,디아이,테스트·검사·인터페이스,41850.0,0.72,936687.0,40209992400.0,32.89473684210527,67.10526315789474,1.347542064698454,1.5834074120763504,,,32877.0,디아이,테스트·검사·인터페이스,41850.0,0.72,936687.0,40209992400.0,32.89473684210527,67.10526315789474,1.347542064698454,1.5834074120763504,,,32877.0,0.0,0.0,0.0,0.0,0.0,0.0,0.0,0.0,,,0.0,0.0,0.0,0.0,failed
005290,동진쎄미켐,소재·케미컬,50500.0,-0.98,435326.0,22319128650.0,11.76470588235294,47.05882352941176,0.9954957252037924,1.09676675117584,,,6738.0,동진쎄미켐,소재·케미컬,50500.0,-0.98,435326.0,22319128650.0,11.76470588235294,47.05882352941176,0.9954957252037924,1.09676675117584,,,6738.0,0.0,0.0,0.0,0.0,0.0,0.0,0.0,0.0,,,0.0,0.0,0.0,0.0,failed
007660,이수페타시스,기판·PCB,125000.0,2.46,1660017.0,209716683778.0,54.736842105263165,45.26315789473684,2.1453702189347275,2.3647380400263778,,,155880.0,이수페타시스,기판·PCB,125000.0,2.46,1660017.0,209716683778.0,54.736842105263165,45.26315789473684,2.1453702189347275,2.3647380400263778,,,155880.0,0.0,0.0,0.0,0.0,0.0,0.0,0.0,0.0,,,0.0,0.0,0.0,0.0,neutral
007810,코리아써키트,기판·PCB,87100.0,-1.47,414375.0,36593722350.0,23.52941176470588,20.588235294117645,0.6868507551007216,0.875965974403683,,,-49981.0,코리아써키트,기판·PCB,87100.0,-1.47,414375.0,36593722350.0,23.52941176470588,20.588235294117645,0.6868507551007216,0.875965974403683,,,-49981.0,0.0,0.0,0.0,0.0,0.0,0.0,0.0,0.0,,,0.0,0.0,0.0,0.0,failed
014680,한솔케미칼,소재·케미컬,266500.0,-0.93,54344.0,14778249750.0,8.695652173913043,91.30434782608695,0.9900501273907978,1.152545932605605,,,24.0,한솔케미칼,소재·케미컬,266500.0,-0.93,54344.0,14778249750.0,8.695652173913043,91.30434782608695,0.9900501273907978,1.152545932605605,,,24.0,0.0,0.0,0.0,0.0,0.0,0.0,0.0,0.0,,,0.0,0.0,0.0,0.0,failed
031980,PSK홀딩스,후공정·패키징,209500.0,2.7,217742.0,46174576500.0,47.22222222222222,52.77777777777778,1.137185963241039,1.4266715151501306,,,-46049.0,PSK홀딩스,후공정·패키징,209500.0,2.7,217742.0,46174576500.0,47.22222222222222,52.77777777777778,1.137185963241039,1.4266715151501306,,,-46049.0,0.0,0.0,0.0,0.0,0.0,0.0,0.0,0.0,,,0.0,0.0,0.0,0.0,neutral
033640,네패스,후공정·패키징,33100.0,6.26,399805.0,13201094700.0,72.0,28.000000000000004,1.5917454815676546,1.902946587286653,,,77213.0,네패스,후공정·패키징,33100.0,6.26,399805.0,13201094700.0,72.0,28.000000000000004,1.5917454815676546,1.902946587286653,,,77213.0,0.0,0.0,0.0,0.0,0.0,0.0,0.0,0.0,,,0.0,0.0,0.0,0.0,maintained
036200,유니셈,전공정 장비,10780.0,0.56,238905.0,2611126710.0,33.33333333333333,66.66666666666666,0.8455899724826218,0.9439085104169886,,,57126.0,유니셈,전공정 장비,10780.0,0.56,238905.0,2611126710.0,33.33333333333333,66.66666666666666,0.8455899724826218,0.9439085104169886,,,57126.0,0.0,0.0,0.0,0.0,0.0,0.0,0.0,0.0,,,0.0,0.0,0.0,0.0,failed
036540,SFA반도체,후공정·패키징,11580.0,2.12,5204213.0,60628290675.0,47.27272727272727,52.72727272727272,0.6170741227639234,0.7507151768177184,,,557967.0,SFA반도체,후공정·패키징,11580.0,2.12,5204213.0,60628290675.0,47.27272727272727,52.72727272727272,0.6170741227639234,0.7507151768177184,,,557967.0,0.0,0.0,0.0,0.0,0.0,0.0,0.0,0.0,,,0.0,0.0,0.0,0.0,neutral
036810,에프에스티,공정부품·소모품,33500.0,-2.9,100676.0,3442986200.0,2.941176470588235,35.294117647058826,0.7486120049626888,0.832749136037373,,,18235.0,에프에스티,공정부품·소모품,33500.0,-2.9,100676.0,3442986200.0,2.941176470588235,35.294117647058826,0.7486120049626888,0.832749136037373,,,18235.0,0.0,0.0,0.0,0.0,0.0,0.0,0.0,0.0,,,0.0,0.0,0.0,0.0,failed
036930,주성엔지니어링,전공정 장비,263500.0,6.46,3845483.0,1027279402270.0,55.223880597014926,44.776119402985074,2.411679793985004,2.881804822150172,,,143743.0,주성엔지니어링,전공정 장비,263500.0,6.46,3845483.0,1027279402270.0,55.223880597014926,44.776119402985074,2.411679793985004,2.881804822150172,,,143743.0,0.0,0.0,0.0,0.0,0.0,0.0,0.0,0.0,,,0.0,0.0,0.0,0.0,neutral
039030,이오테크닉스,후공정·패키징,519000.0,0.19,197294.0,104102017500.0,13.636363636363637,81.81818181818183,1.664055518561362,1.8277876501405537,,,36840.0,이오테크닉스,후공정·패키징,519000.0,0.19,197294.0,104102017500.0,13.636363636363637,81.81818181818183,1.664055518561362,1.8277876501405537,,,36840.0,0.0,0.0,0.0,0.0,0.0,0.0,0.0,0.0,,,0.0,0.0,0.0,0.0,failed
039440,에스티아이,전공정 장비,25250.0,4.12,168554.0,4273476400.0,58.82352941176471,41.17647058823529,1.563182658961146,1.7400108955495248,,,39664.0,에스티아이,전공정 장비,25250.0,4.12,168554.0,4273476400.0,58.82352941176471,41.17647058823529,1.563182658961146,1.7400108955495248,,,39664.0,0.0,0.0,0.0,0.0,0.0,0.0,0.0,0.0,,,0.0,0.0,0.0,0.0,neutral
042700,한미반도체,후공정·패키징,263000.0,-0.57,1038513.0,277866118858.0,15.384615384615383,50.0,1.5754333771824731,1.7029157221004436,,,-184967.0,한미반도체,후공정·패키징,263000.0,-0.57,1038513.0,277866118858.0,15.384615384615383,50.0,1.5754333771824731,1.7029157221004436,,,-184967.0,0.0,0.0,0.0,0.0,0.0,0.0,0.0,0.0,,,0.0,0.0,0.0,0.0,failed
053610,프로텍,후공정·패키징,81200.0,0.62,70788.0,5752635800.0,55.172413793103445,44.82758620689656,1.866764767544432,2.0314359346809305,,,20831.0,프로텍,후공정·패키징,81200.0,0.62,70788.0,5752635800.0,55.172413793103445,44.82758620689656,1.866764767544432,2.0314359346809305,,,20831.0,0.0,0.0,0.0,0.0,0.0,0.0,0.0,0.0,,,0.0,0.0,0.0,0.0,neutral
058470,리노공업,테스트·검사·인터페이스,87800.0,3.05,1649294.0,145523060944.0,61.53846153846154,38.46153846153847,1.7247763353927787,2.0230616555361203,,,-94632.0,리노공업,테스트·검사·인터페이스,87800.0,3.05,1649294.0,145523060944.0,61.53846153846154,38.46153846153847,1.7247763353927787,2.0230616555361203,,,-94632.0,0.0,0.0,0.0,0.0,0.0,0.0,0.0,0.0,,,0.0,0.0,0.0,0.0,neutral
061970,LB세미콘,후공정·패키징,4675.0,-0.32,281175.0,1316022918.0,40.625,50.0,0.7949308755760369,0.8575269774474952,,,74664.0,LB세미콘,후공정·패키징,4675.0,-0.32,281175.0,1316022918.0,40.625,50.0,0.7949308755760369,0.8575269774474952,,,74664.0,0.0,0.0,0.0,0.0,0.0,0.0,0.0,0.0,,,0.0,0.0,0.0,0.0,neutral
064290,인텍플러스,테스트·검사·인터페이스,60600.0,3.59,209929.0,12870722250.0,62.0,38.0,0.512787192301487,0.6248722481888339,,,44831.0,인텍플러스,테스트·검사·인터페이스,60600.0,3.59,209929.0,12870722250.0,62.0,38.0,0.512787192301487,0.6248722481888339,,,44831.0,0.0,0.0,0.0,0.0,0.0,0.0,0.0,0.0,,,0.0,0.0,0.0,0.0,neutral
064760,티씨케이,공정부품·소모품,293000.0,2.81,82260.0,24265512500.0,56.75675675675676,43.24324324324324,1.1666190384682205,1.2408977911221433,,,5145.0,티씨케이,공정부품·소모품,293000.0,2.81,82260.0,24265512500.0,56.75675675675676,43.24324324324324,1.1666190384682205,1.2408977911221433,,,5145.0,0.0,0.0,0.0,0.0,0.0,0.0,0.0,0.0,,,0.0,0.0,0.0,0.0,neutral
067310,하나마이크론,후공정·패키징,50200.0,-0.99,1392733.0,71168464300.0,10.0,60.0,0.6812382256911216,0.8066210931261093,,,64537.0,하나마이크론,후공정·패키징,50200.0,-0.99,1392733.0,71168464300.0,10.0,60.0,0.6812382256911216,0.8066210931261093,,,64537.0,0.0,0.0,0.0,0.0,0.0,0.0,0.0,0.0,,,0.0,0.0,0.0,0.0,failed
074600,원익QnC,공정부품·소모품,32350.0,2.37,260540.0,8491673900.0,50.0,50.0,1.365755926824544,1.5398898541919488,,,1481.0,원익QnC,공정부품·소모품,32350.0,2.37,260540.0,8491673900.0,50.0,50.0,1.365755926824544,1.5398898541919488,,,1481.0,0.0,0.0,0.0,0.0,0.0,0.0,0.0,0.0,,,0.0,0.0,0.0,0.0,neutral
079370,제우스,전공정 장비,14100.0,0.21,333505.0,4755373200.0,27.27272727272727,68.18181818181817,0.6402094864569889,0.7189662886770992,,,1300.0,제우스,전공정 장비,14100.0,0.21,333505.0,4755373200.0,27.27272727272727,68.18181818181817,0.6402094864569889,0.7189662886770992,,,1300.0,0.0,0.0,0.0,0.0,0.0,0.0,0.0,0.0,,,0.0,0.0,0.0,0.0,failed
080580,오킨스전자,테스트·검사·인터페이스,27600.0,-1.95,302713.0,8362518275.0,66.0377358490566,15.09433962264151,0.6736577633942704,0.7599437352555627,,,6230.0,오킨스전자,테스트·검사·인터페이스,27600.0,-1.95,302713.0,8362518275.0,66.0377358490566,15.09433962264151,0.6736577633942704,0.7599437352555627,,,6230.0,0.0,0.0,0.0,0.0,0.0,0.0,0.0,0.0,,,0.0,0.0,0.0,0.0,neutral
083310,엘오티베큠,전공정 장비,13300.0,3.5,189495.0,2552509245.0,37.5,62.5,1.9557210995880492,2.307748100295429,,,-15370.0,엘오티베큠,전공정 장비,13300.0,3.5,189495.0,2552509245.0,37.5,62.5,1.9557210995880492,2.307748100295429,,,-15370.0,0.0,0.0,0.0,0.0,0.0,0.0,0.0,0.0,,,0.0,0.0,0.0,0.0,neutral
083450,GST,전공정 장비,57400.0,2.14,232864.0,13448860250.0,53.125,46.875,1.6431394672342687,1.9029241036080131,,,27263.0,GST,전공정 장비,57400.0,2.14,232864.0,13448860250.0,53.125,46.875,1.6431394672342687,1.9029241036080131,,,27263.0,0.0,0.0,0.0,0.0,0.0,0.0,0.0,0.0,,,0.0,0.0,0.0,0.0,neutral
084370,유진테크,전공정 장비,171700.0,1.6,194139.0,33769342850.0,31.03448275862069,68.96551724137932,1.0597196646587348,1.203309687634731,,,4837.0,유진테크,전공정 장비,171700.0,1.6,194139.0,33769342850.0,31.03448275862069,68.96551724137932,1.0597196646587348,1.203309687634731,,,4837.0,0.0,0.0,0.0,0.0,0.0,0.0,0.0,0.0,,,0.0,0.0,0.0,0.0,failed
089030,테크윙,후공정·패키징,54900.0,2.23,607816.0,33481628850.0,54.83870967741935,45.16129032258064,0.8437147680622806,0.9275615907821482,,,5992.0,테크윙,후공정·패키징,54900.0,2.23,607816.0,33481628850.0,54.83870967741935,45.16129032258064,0.8437147680622806,0.9275615907821482,,,5992.0,0.0,0.0,0.0,0.0,0.0,0.0,0.0,0.0,,,0.0,0.0,0.0,0.0,neutral
092070,디엔에프,소재·케미컬,15560.0,7.09,119041.0,1836509230.0,69.46564885496184,30.53435114503817,3.100970868728232,3.6237024711855392,,,13717.0,디엔에프,소재·케미컬,15560.0,7.09,119041.0,1836509230.0,69.46564885496184,30.53435114503817,3.100970868728232,3.6237024711855392,,,13717.0,0.0,0.0,0.0,0.0,0.0,0.0,0.0,0.0,,,0.0,0.0,0.0,0.0,neutral
092870,엑시콘,테스트·검사·인터페이스,52900.0,0.0,262307.0,13812201300.0,57.692307692307686,38.46153846153847,0.7041677673188971,0.8965928988069992,,,9099.0,엑시콘,테스트·검사·인터페이스,52900.0,0.0,262307.0,13812201300.0,57.692307692307686,38.46153846153847,0.7041677673188971,0.8965928988069992,,,9099.0,0.0,0.0,0.0,0.0,0.0,0.0,0.0,0.0,,,0.0,0.0,0.0,0.0,neutral
095340,ISC,테스트·검사·인터페이스,200000.0,-1.23,203931.0,40987933100.0,26.31578947368421,47.368421052631575,1.2422190371128858,1.2530536111381334,,,18699.0,ISC,테스트·검사·인터페이스,200000.0,-1.23,203931.0,40987933100.0,26.31578947368421,47.368421052631575,1.2422190371128858,1.2530536111381334,,,18699.0,0.0,0.0,0.0,0.0,0.0,0.0,0.0,0.0,,,0.0,0.0,0.0,0.0,failed
095610,테스,전공정 장비,163300.0,0.12,206158.0,33820707100.0,34.69387755102041,65.3061224489796,0.5525479068453513,0.5768117628520152,,,13893.0,테스,전공정 장비,163300.0,0.12,206158.0,33820707100.0,34.69387755102041,65.3061224489796,0.5525479068453513,0.5768117628520152,,,13893.0,0.0,0.0,0.0,0.0,0.0,0.0,0.0,0.0,,,0.0,0.0,0.0,0.0,failed
098120,마이크로컨텍솔,테스트·검사·인터페이스,57600.0,-4.79,102490.0,6101432400.0,0.0,17.142857142857142,0.5881422961192307,0.6477012173207923,,,-9079.0,마이크로컨텍솔,테스트·검사·인터페이스,57600.0,-4.79,102490.0,6101432400.0,0.0,17.142857142857142,0.5881422961192307,0.6477012173207923,,,-9079.0,0.0,0.0,0.0,0.0,0.0,0.0,0.0,0.0,,,0.0,0.0,0.0,0.0,failed
101160,월덱스,공정부품·소모품,32050.0,-0.47,30817.0,998422300.0,11.76470588235294,47.05882352941176,0.6925020701805242,0.7179731282427727,,,5351.0,월덱스,공정부품·소모품,32050.0,-0.47,30817.0,998422300.0,11.76470588235294,47.05882352941176,0.6925020701805242,0.7179731282427727,,,5351.0,0.0,0.0,0.0,0.0,0.0,0.0,0.0,0.0,,,0.0,0.0,0.0,0.0,failed
102710,이엔에프테크놀로지,소재·케미컬,50000.0,-0.4,108771.0,5532843600.0,11.76470588235294,88.23529411764706,1.4659717617376398,1.663794892946522,,,19290.0,이엔에프테크놀로지,소재·케미컬,50000.0,-0.4,108771.0,5532843600.0,11.76470588235294,88.23529411764706,1.4659717617376398,1.663794892946522,,,19290.0,0.0,0.0,0.0,0.0,0.0,0.0,0.0,0.0,,,0.0,0.0,0.0,0.0,failed
104830,원익머트리얼즈,소재·케미컬,40650.0,-0.85,68464.0,2801976150.0,27.27272727272727,57.57575757575758,0.8993126820505916,0.9917946097359788,,,24253.0,원익머트리얼즈,소재·케미컬,40650.0,-0.85,68464.0,2801976150.0,27.27272727272727,57.57575757575758,0.8993126820505916,0.9917946097359788,,,24253.0,0.0,0.0,0.0,0.0,0.0,0.0,0.0,0.0,,,0.0,0.0,0.0,0.0,failed
112290,와이씨켐,소재·케미컬,12370.0,-0.4,246442.0,3087849430.0,31.746031746031743,68.25396825396825,1.1899288530297214,1.2916994604508845,,,15990.0,와이씨켐,소재·케미컬,12370.0,-0.4,246442.0,3087849430.0,31.746031746031743,68.25396825396825,1.1899288530297214,1.2916994604508845,,,15990.0,0.0,0.0,0.0,0.0,0.0,0.0,0.0,0.0,,,0.0,0.0,0.0,0.0,failed
114810,한솔아이원스,공정부품·소모품,14650.0,0.14,158280.0,2347115535.0,16.666666666666664,83.33333333333334,0.7305934386911724,0.7733561659911505,,,52838.0,한솔아이원스,공정부품·소모품,14650.0,0.14,158280.0,2347115535.0,16.666666666666664,83.33333333333334,0.7305934386911724,0.7733561659911505,,,52838.0,0.0,0.0,0.0,0.0,0.0,0.0,0.0,0.0,,,0.0,0.0,0.0,0.0,failed
131290,티에스이,테스트·검사·인터페이스,309000.0,-2.22,71251.0,22391157500.0,11.11111111111111,55.55555555555556,0.4807800335697838,0.5363302997469431,,,-6835.0,티에스이,테스트·검사·인터페이스,309000.0,-2.22,71251.0,22391157500.0,11.11111111111111,55.55555555555556,0.4807800335697838,0.5363302997469431,,,-6835.0,0.0,0.0,0.0,0.0,0.0,0.0,0.0,0.0,,,0.0,0.0,0.0,0.0,failed
131970,두산테스나,후공정·패키징,123300.0,13.02,1021196.0,126621946850.0,54.93562231759657,45.06437768240343,2.65737535795145,3.5675129529985194,,,-28553.0,두산테스나,후공정·패키징,123300.0,13.02,1021196.0,126621946850.0,54.93562231759657,45.06437768240343,2.65737535795145,3.5675129529985194,,,-28553.0,0.0,0.0,0.0,0.0,0.0,0.0,0.0,0.0,,,0.0,0.0,0.0,0.0,neutral
140860,파크시스템스,테스트·검사·인터페이스,311500.0,1.14,52223.0,16481984750.0,33.33333333333333,45.83333333333333,1.6918935030097255,1.9705618860004384,,,17379.0,파크시스템스,테스트·검사·인터페이스,311500.0,1.14,52223.0,16481984750.0,33.33333333333333,45.83333333333333,1.6918935030097255,1.9705618860004384,,,17379.0,0.0,0.0,0.0,0.0,0.0,0.0,0.0,0.0,,,0.0,0.0,0.0,0.0,failed
146320,비씨엔씨,공정부품·소모품,12290.0,6.41,89140.0,1091178805.0,65.71428571428571,34.285714285714285,3.322530326382509,3.932690446932551,,,17403.0,비씨엔씨,공정부품·소모품,12290.0,6.41,89140.0,1091178805.0,65.71428571428571,34.285714285714285,3.322530326382509,3.932690446932551,,,17403.0,0.0,0.0,0.0,0.0,0.0,0.0,0.0,0.0,,,0.0,0.0,0.0,0.0,neutral
166090,하나머티리얼즈,공정부품·소모품,64300.0,4.38,205807.0,13233102250.0,60.0,40.0,1.2884890131561648,1.4857226210364016,,,5919.0,하나머티리얼즈,공정부품·소모품,64300.0,4.38,205807.0,13233102250.0,60.0,40.0,1.2884890131561648,1.4857226210364016,,,5919.0,0.0,0.0,0.0,0.0,0.0,0.0,0.0,0.0,,,0.0,0.0,0.0,0.0,neutral
183300,코미코,공정부품·소모품,33500.0,1.36,286402.0,9680228200.0,36.11111111111111,63.888888888888886,0.5009582245912624,0.5613094966933546,,,24104.0,코미코,공정부품·소모품,33500.0,1.36,286402.0,9680228200.0,36.11111111111111,63.888888888888886,0.5009582245912624,0.5613094966933546,,,24104.0,0.0,0.0,0.0,0.0,0.0,0.0,0.0,0.0,,,0.0,0.0,0.0,0.0,neutral
195870,해성디에스,기판·PCB,65600.0,1.39,139824.0,9152693150.0,34.285714285714285,65.71428571428571,0.7840175347553687,0.8819084782197025,,,14881.0,해성디에스,기판·PCB,65600.0,1.39,139824.0,9152693150.0,34.285714285714285,65.71428571428571,0.7840175347553687,0.8819084782197025,,,14881.0,0.0,0.0,0.0,0.0,0.0,0.0,0.0,0.0,,,0.0,0.0,0.0,0.0,failed
200470,에이팩트,후공정·패키징,10890.0,9.01,1916271.0,20542423145.0,81.89655172413794,18.103448275862068,1.7854421880388005,2.362497579759597,,,236076.0,에이팩트,후공정·패키징,10890.0,9.01,1916271.0,20542423145.0,81.89655172413794,18.103448275862068,1.7854421880388005,2.362497579759597,,,236076.0,0.0,0.0,0.0,0.0,0.0,0.0,0.0,0.0,,,0.0,0.0,0.0,0.0,maintained
222800,심텍,기판·PCB,170700.0,0.18,734166.0,127045070700.0,19.480519480519483,70.12987012987013,1.0122091142746297,1.2172572501495509,,,120462.0,심텍,기판·PCB,170700.0,0.18,734166.0,127045070700.0,19.480519480519483,70.12987012987013,1.0122091142746297,1.2172572501495509,,,120462.0,0.0,0.0,0.0,0.0,0.0,0.0,0.0,0.0,,,0.0,0.0,0.0,0.0,failed
232140,와이씨,테스트·검사·인터페이스,17000.0,-1.11,1717815.0,29534542620.0,32.467532467532465,42.85714285714285,0.6121630366442554,0.7379775255451064,,,-217113.0,와이씨,테스트·검사·인터페이스,17000.0,-1.11,1717815.0,29534542620.0,32.467532467532465,42.85714285714285,0.6121630366442554,0.7379775255451064,,,-217113.0,0.0,0.0,0.0,0.0,0.0,0.0,0.0,0.0,,,0.0,0.0,0.0,0.0,failed
240810,원익IPS,전공정 장비,134200.0,2.36,1812529.0,247126778154.0,33.33333333333333,66.66666666666666,1.5383545980046691,1.6472615302690152,,,150836.0,원익IPS,전공정 장비,134200.0,2.36,1812529.0,247126778154.0,33.33333333333333,66.66666666666666,1.5383545980046691,1.6472615302690152,,,150836.0,0.0,0.0,0.0,0.0,0.0,0.0,0.0,0.0,,,0.0,0.0,0.0,0.0,failed
252990,샘씨엔에스,테스트·검사·인터페이스,18200.0,-4.46,466569.0,8701522520.0,11.538461538461538,26.923076923076923,0.5616928326856161,0.6149314808419525,,,1253.0,샘씨엔에스,테스트·검사·인터페이스,18200.0,-4.46,466569.0,8701522520.0,11.538461538461538,26.923076923076923,0.5616928326856161,0.6149314808419525,,,1253.0,0.0,0.0,0.0,0.0,0.0,0.0,0.0,0.0,,,0.0,0.0,0.0,0.0,failed
272110,케이엔제이,공정부품·소모품,33000.0,1.07,82334.0,2712321125.0,65.51724137931035,34.48275862068966,0.9447140236115398,1.0632011316267524,,,-12961.0,케이엔제이,공정부품·소모품,33000.0,1.07,82334.0,2712321125.0,65.51724137931035,34.48275862068966,0.9447140236115398,1.0632011316267524,,,-12961.0,0.0,0.0,0.0,0.0,0.0,0.0,0.0,0.0,,,0.0,0.0,0.0,0.0,neutral
281740,레이크머티리얼즈,소재·케미컬,12870.0,1.58,513591.0,6612496650.0,40.625,59.375,1.2466460603983414,1.3899464038418323,,,-41688.0,레이크머티리얼즈,소재·케미컬,12870.0,1.58,513591.0,6612496650.0,40.625,59.375,1.2466460603983414,1.3899464038418323,,,-41688.0,0.0,0.0,0.0,0.0,0.0,0.0,0.0,0.0,,,0.0,0.0,0.0,0.0,neutral
281820,케이씨텍,전공정 장비,123200.0,0.16,313060.0,38961833350.0,30.666666666666664,69.33333333333334,1.2200242827934136,1.7146709588676303,,,21240.0,케이씨텍,전공정 장비,123200.0,0.16,313060.0,38961833350.0,30.666666666666664,69.33333333333334,1.2200242827934136,1.7146709588676303,,,21240.0,0.0,0.0,0.0,0.0,0.0,0.0,0.0,0.0,,,0.0,0.0,0.0,0.0,failed
317330,덕산테코피아,소재·케미컬,13420.0,-2.4,92482.0,1250942675.0,32.142857142857146,9.523809523809524,0.7441063353877347,0.7614014099031499,,,492.0,덕산테코피아,소재·케미컬,13420.0,-2.4,92482.0,1250942675.0,32.142857142857146,9.523809523809524,0.7441063353877347,0.7614014099031499,,,492.0,0.0,0.0,0.0,0.0,0.0,0.0,0.0,0.0,,,0.0,0.0,0.0,0.0,failed
319660,피에스케이,전공정 장비,145100.0,5.76,435670.0,61533686550.0,100.0,0.0,1.178164567958775,1.221718787019514,,,-15768.0,피에스케이,전공정 장비,145100.0,5.76,435670.0,61533686550.0,100.0,0.0,1.178164567958775,1.221718787019514,,,-15768.0,0.0,0.0,0.0,0.0,0.0,0.0,0.0,0.0,,,0.0,0.0,0.0,0.0,maintained
330860,네패스아크,후공정·패키징,32750.0,3.31,327307.0,10739820925.0,54.90196078431373,45.09803921568628,1.3984532318618343,1.59572506907071,,,-3978.0,네패스아크,후공정·패키징,32750.0,3.31,327307.0,10739820925.0,54.90196078431373,45.09803921568628,1.3984532318618343,1.59572506907071,,,-3978.0,0.0,0.0,0.0,0.0,0.0,0.0,0.0,0.0,,,0.0,0.0,0.0,0.0,neutral
348210,넥스틴,테스트·검사·인터페이스,39700.0,4.47,94167.0,3743220775.0,65.57377049180327,34.42622950819672,0.9971425349320736,1.1787806548581456,,,6925.0,넥스틴,테스트·검사·인터페이스,39700.0,4.47,94167.0,3743220775.0,65.57377049180327,34.42622950819672,0.9971425349320736,1.1787806548581456,,,6925.0,0.0,0.0,0.0,0.0,0.0,0.0,0.0,0.0,,,0.0,0.0,0.0,0.0,neutral
353200,대덕전자,기판·PCB,157600.0,4.16,1358366.0,214637773500.0,65.3061224489796,34.69387755102041,1.265926172029172,1.6635972577447335,,,-37545.0,대덕전자,기판·PCB,157600.0,4.16,1358366.0,214637773500.0,65.3061224489796,34.69387755102041,1.265926172029172,1.6635972577447335,,,-37545.0,0.0,0.0,0.0,0.0,0.0,0.0,0.0,0.0,,,0.0,0.0,0.0,0.0,neutral
356860,티엘비,기판·PCB,52900.0,5.17,790576.0,41696969850.0,61.36363636363637,38.63636363636363,1.2290619000543035,1.5219359365785543,,,57811.0,티엘비,기판·PCB,52900.0,5.17,790576.0,41696969850.0,61.36363636363637,38.63636363636363,1.2290619000543035,1.5219359365785543,,,57811.0,0.0,0.0,0.0,0.0,0.0,0.0,0.0,0.0,,,0.0,0.0,0.0,0.0,neutral
357780,솔브레인,소재·케미컬,413000.0,-0.12,32151.0,13281114500.0,53.333333333333336,46.66666666666666,0.9734261415072348,1.0732857871465085,,,3364.0,솔브레인,소재·케미컬,413000.0,-0.12,32151.0,13281114500.0,53.333333333333336,46.66666666666666,0.9734261415072348,1.0732857871465085,,,3364.0,0.0,0.0,0.0,0.0,0.0,0.0,0.0,0.0,,,0.0,0.0,0.0,0.0,neutral
403870,HPSP,전공정 장비,64000.0,-2.29,1686478.0,109583087450.0,6.451612903225806,35.483870967741936,0.6875630673564973,0.7537412546948689,,,-7054.0,HPSP,전공정 장비,64000.0,-2.29,1686478.0,109583087450.0,6.451612903225806,35.483870967741936,0.6875630673564973,0.7537412546948689,,,-7054.0,0.0,0.0,0.0,0.0,0.0,0.0,0.0,0.0,,,0.0,0.0,0.0,0.0,failed
420770,기가비스,테스트·검사·인터페이스,137500.0,1.63,64147.0,8673604250.0,83.87096774193549,16.129032258064516,0.4168373787078087,0.5053694139649978,,,7440.0,기가비스,테스트·검사·인터페이스,137500.0,1.63,64147.0,8673604250.0,83.87096774193549,16.129032258064516,0.4168373787078087,0.5053694139649978,,,7440.0,0.0,0.0,0.0,0.0,0.0,0.0,0.0,0.0,,,0.0,0.0,0.0,0.0,maintained
425040,티이엠씨,소재·케미컬,15650.0,3.92,822795.0,12815430595.0,77.21518987341773,22.78481012658228,0.7169915034944835,0.8654661641722013,,,59956.0,티이엠씨,소재·케미컬,15650.0,3.92,822795.0,12815430595.0,77.21518987341773,22.78481012658228,0.7169915034944835,0.8654661641722013,,,59956.0,0.0,0.0,0.0,0.0,0.0,0.0,0.0,0.0,,,0.0,0.0,0.0,0.0,maintained
425420,티에프이,테스트·검사·인터페이스,63800.0,-1.54,140205.0,9111492800.0,12.195121951219512,63.41463414634146,0.9509011365983164,0.9885373462820636,,,28488.0,티에프이,테스트·검사·인터페이스,63800.0,-1.54,140205.0,9111492800.0,12.195121951219512,63.41463414634146,0.9509011365983164,0.9885373462820636,,,28488.0,0.0,0.0,0.0,0.0,0.0,0.0,0.0,0.0,,,0.0,0.0,0.0,0.0,failed
