snapshot_kst,mode,market_date,name,code,group,price,change_pct,open,high,low,close_position_pct,upper_wick_pct,volume,prev_volume,volume_vs_prev_x,avg20_volume,volume_vs_20d_x,turnover_value_raw,prev_turnover_value_raw,turnover_vs_prev_x,avg20_turnover_value_raw,turnover_vs_20d_x,listed_shares,market_cap_est_won,weighted_avg_price,turnover_value_est_won,turnover_to_mcap_pct,volume_turnover_pct,return_5d_pct,return_20d_pct,foreign_today_qty,institution_today_qty,foreign_today_value_raw,institution_today_value_raw,foreign_5d_qty,institution_5d_qty,foreign_20d_qty,institution_20d_qty,foreign_5d_value_raw,institution_5d_value_raw,foreign_buy_streak,institution_buy_streak,program_today_qty,short_today_qty,short_today_value_raw,short_today_volume_pct,short_today_value_pct,short_5d_qty,short_20d_qty,short_5d_value_raw,short_20d_value_raw,loan_today_change_qty,loan_5d_change_qty,loan_20d_change_qty,loan_balance_qty,loan_balance_value_raw,whole_credit_balance_ratio,per,pbr,eps,bps,price2_prev_volume_ratio_pct,trading_halt,short_overheat,shortable,aux_missing
2026-09-30T21:59:54+09:00,1540,20260930,원익IPS,240810,전공정 장비,131700.0,1.07,130500.0,136500.0,129900.0,27.27272727272727,72.72727272727273,968950.0,1030260.0,0.9404907499077902,992425.85,0.9763449833556834,128459065100.0,131355502600.0,0.9779496294965263,120697146107.5,1.064309051562717,49083901.0,6464349761700.0,132577.28,128460755456.0,1.9872185168120806,1.97,2.0930232558139528,18.116591928251125,,,,,,,,,,,0,0,7291.0,41433.0,5476961100.0,4.28,4.26,594519.0,2878628.0,78135381850.0,342557248750.0,124369.0,115542.0,111688.0,7953059.0,1047417.0,1.32,76.93,6.61,1712.0,19936.0,94.05,N, ,Y,
2026-09-30T22:00:00+09:00,1540,20260930,주성엔지니어링,036930,전공정 장비,232500.0,4.73,222000.0,234500.0,216500.0,88.88888888888889,11.11111111111111,1313366.0,1079896.0,1.2161967448717284,1262012.85,1.040691463640802,302315264000.0,233340365250.0,1.2955978005609983,257474623545.0,1.1741555724506691,46481121.0,10806860632500.0,230175.09,302304137252.94,2.797335392147151,2.83,13.138686131386867,31.355932203389834,,,,,,,,,,,0,0,117083.0,32403.0,7409050250.0,2.47,2.45,271118.0,2022851.0,57193356000.0,408801260350.0,-95607.0,-417816.0,-769742.0,7369534.0,1713416.0,1.78,307.95,17.99,755.0,12922.0,121.62,N, ,Y,
2026-09-30T22:00:06+09:00,1540,20260930,유진테크,084370,전공정 장비,168700.0,0.96,167200.0,172000.0,165200.0,51.470588235294116,48.529411764705884,168584.0,168191.0,1.0023366291894333,155459.95,1.0844207784705964,28369333450.0,27324379700.0,1.0382425424281452,22208255897.5,1.277422845852274,22916042.0,3865936285400.0,168280.11,28369334064.239998,0.7338282881530905,0.74,20.156695156695157,26.556639159789942,,,,,,,,,,,0,0,-40446.0,18606.0,3128946200.0,11.04,11.03,113145.0,468328.0,18018956750.0,67332837700.0,-8025.0,-47082.0,-148859.0,1911546.0,322477.0,0.31,91.04,8.28,1853.0,20368.0,100.23,N, ,Y,
2026-09-30T22:00:12+09:00,1540,20260930,테스,095610,전공정 장비,168700.0,-1.23,171500.0,174000.0,164300.0,45.36082474226804,25.773195876288657,282301.0,351168.0,0.8038915846546383,388265.75,0.7270819020220043,47281858000.0,59228353250.0,0.7982976970577854,57887188342.5,0.8167931342639817,19360000.0,3266032000000.0,167487.36,47281849215.35999,1.4476848118867174,1.46,12.767379679144387,18.385964912280706,,,,,,,,,,,0,0,-70680.0,46068.0,7701055550.0,16.32,16.29,76804.0,639749.0,12649273950.0,95438108700.0,-10322.0,-31648.0,291104.0,2516909.0,424602.0,1.12,58.47,7.64,2885.0,22090.0,80.39,N, ,Y,
2026-09-30T22:00:18+09:00,1540,20260930,피에스케이,319660,전공정 장비,148500.0,-0.2,153100.0,153300.0,146000.0,34.24657534246575,2.73972602739726,239722.0,268228.0,0.8937247416377112,328749.35,0.729193837189336,35905832600.0,38970720150.0,0.9213540951205645,42829079775.0,0.8383517177728108,28966714.0,4301557029000.0,149783.36,35906366625.92,0.8347295266306697,0.83,8.473338203067925,16.28817541111982,,,,,,,,,,,0,0,-50976.0,32167.0,4826255450.0,13.42,13.44,170080.0,815809.0,24280334250.0,106639954900.0,11672.0,-64255.0,-103874.0,3921451.0,582335.0,0.74,54.76,7.98,2712.0,18606.0,89.37,N, ,Y,
2026-09-30T22:00:23+09:00,1540,20260930,HPSP,403870,전공정 장비,63500.0,4.1,61100.0,66000.0,60100.0,57.6271186440678,42.3728813559322,3460971.0,5007117.0,0.6912103312145492,2042761.45,1.6942609720777726,220129386550.0,299472557900.0,0.7350569551134154,111576501631.25,1.9729009543381026,82300000.0,5226050000000.0,63603.69,220130526582.99002,4.212177965824859,4.21,16.08775137111518,26.49402390438247,,,,,,,,,,,0,0,120341.0,141787.0,8987976150.0,4.1,4.08,505918.0,2680392.0,29863589450.0,147176568925.0,-5823.0,-1435319.0,-1430895.0,11436155.0,726195.0,2.08,0.0,0.0,0.0,0.0,69.12,N, ,Y,
2026-09-30T22:00:29+09:00,1540,20260930,케이씨텍,281820,전공정 장비,88500.0,0.45,88700.0,92600.0,86600.0,31.666666666666664,65.0,143828.0,135924.0,1.0581501427268178,196799.7,0.7308344474102348,12776729450.0,11779058350.0,1.0846987144774607,14273861760.0,0.8951137165840115,19798661.0,1752181498500.0,88833.39,12776728816.92,0.729189802988894,0.73,14.785992217898825,29.38596491228069,,,,,,,,,,,0,0,-12493.0,5261.0,466919100.0,3.66,3.65,41893.0,318660.0,3524997350.0,22249022850.0,-4093.0,-6516.0,-430364.0,796015.0,70447.0,1.66,34.33,3.29,2578.0,26877.0,105.82,N, ,Y,
2026-09-30T22:00:35+09:00,1540,20260930,GST,083450,전공정 장비,51200.0,-3.21,52600.0,53400.0,50600.0,21.428571428571427,28.57142857142857,171594.0,278159.0,0.6168917777242512,113591.9,1.510618274718532,8881060350.0,14410386500.0,0.6162957773547573,5264265880.5,1.6870463140734215,18430000.0,943616000000.0,51756.18,8881049950.92,0.9411720393592308,0.93,6.00414078674949,15.837104072398201,,,,,,,,,,,0,0,-38151.0,7774.0,401990150.0,4.53,4.53,31923.0,121991.0,1616190400.0,5645815775.0,5000.0,-17956.0,-92161.0,730004.0,37376.0,2.82,20.84,3.04,2457.0,16838.0,61.69,N, ,Y,
2026-09-30T22:00:41+09:00,1540,20260930,엘오티베큠,083310,전공정 장비,11150.0,1.27,11010.0,11540.0,11000.0,27.77777777777778,72.22222222222221,86405.0,62224.0,1.3886121110825405,60955.75,1.417503680948885,973526090.0,674344870.0,1.4436620389801438,615957119.5,1.5805095179194533,17810033.0,198581867950.0,11267.01,973525999.0500001,0.49023911855593966,0.49,8.147429679922414,11.277445109780437,,,,,,,,,,,0,0,-7138.0,1171.0,13137520.0,1.36,1.35,14689.0,24730.0,159297430.0,256120910.0,400.0,374.0,-17203.0,421449.0,4699.0,1.94,-25.0,0.73,-446.0,15352.0,138.86,N, ,Y,
2026-09-30T22:00:46+09:00,1540,20260930,에스티아이,039440,전공정 장비,23200.0,1.98,22900.0,23750.0,22450.0,57.692307692307686,42.30769230769231,145521.0,269789.0,0.5393881885473463,68123.05,2.1361492182161546,3359525725.0,6101128250.0,0.5506400762842512,1392399757.5,2.4127594872839526,15507047.0,359763490400.0,23086.19,3359525454.99,0.9338150047562469,0.94,8.411214953271017,14.567901234567904,,,,,,,,,,,0,0,-25942.0,8158.0,188028200.0,5.61,5.6,46980.0,106547.0,1029962800.0,2189186275.0,-6751.0,54602.0,73811.0,678765.0,15747.0,5.37,23.82,1.24,974.0,18772.0,53.94,N, ,Y,
2026-09-30T22:00:52+09:00,1540,20260930,넥스틴,348210,테스트·검사·인터페이스,36400.0,5.81,35000.0,37200.0,34750.0,67.3469387755102,32.6530612244898,71316.0,51809.0,1.3765175934683163,88860.5,0.802561318020943,2585781775.0,1756377650.0,1.4722242537076238,2829497967.5,0.9138659241676943,10477005.0,381362982000.0,36258.16,2585786938.5600004,0.6780382629166667,0.68,10.303030303030303,15.555555555555545,,,,,,,,,,,0,0,-947.0,2638.0,95256475.0,3.7,3.68,18438.0,289434.0,624745025.0,9079197625.0,-647.0,35084.0,-132361.0,897477.0,32668.0,0.9,-154.89,2.47,-235.0,14724.0,137.65,N, ,Y,
2026-09-30T22:00:58+09:00,1540,20260930,한미반도체,042700,후공정·패키징,258000.0,2.38,250000.0,258500.0,247000.0,95.65217391304348,4.3478260869565215,455440.0,744200.0,0.6119860252620264,654011.95,0.6963787129577679,115686764000.0,184266012250.0,0.6278247550234267,155005157400.0,0.7463413859286208,95312200.0,24590547600000.0,253992.82,115678489940.8,0.4704185194346791,0.48,9.090909090909083,17.006802721088434,,,,,,,,,,,0,0,25792.0,50077.0,12696994250.0,11.0,10.98,378623.0,3189606.0,92271081000.0,750499270250.0,-2234.0,-955852.0,936578.0,19330747.0,4987332.0,1.38,115.54,35.45,2233.0,7278.0,61.2,N, ,Y,
2026-09-30T22:01:04+09:00,1540,20260930,PSK홀딩스,031980,후공정·패키징,178600.0,-1.22,183100.0,186000.0,176500.0,22.105263157894736,30.526315789473685,121366.0,188081.0,0.6452858077105077,185983.4,0.6525636158926011,21861859050.0,33292267800.0,0.6566647601579128,28590847322.5,0.7646453707160851,21562395.0,3851043747000.0,180132.9,21862009541.399998,0.5676905010084788,0.56,5.05882352941176,43.108974358974365,,,,,,,,,,,0,0,24.0,3825.0,689152450.0,3.15,3.15,20057.0,201562.0,3401047300.0,31108378050.0,-20094.0,-53972.0,144558.0,1383912.0,247166.0,0.26,42.0,7.61,4252.0,23484.0,64.53,N, ,Y,
2026-09-30T22:01:10+09:00,1540,20260930,이오테크닉스,039030,후공정·패키징,515000.0,3.94,505000.0,526000.0,504000.0,50.0,50.0,95555.0,109045.0,0.8762896052088587,121920.35,0.783749390483213,49533089000.0,53537445000.0,0.9252045741069638,55109895162.5,0.8988057199881087,12319550.0,6344568250000.0,518371.77,49533014482.35,0.7807152911051118,0.78,6.404958677685957,27.475247524752476,,,,,,,,,,,0,0,-4109.0,28228.0,14629452500.0,29.54,29.53,101384.0,547956.0,49938263250.0,250638606000.0,14251.0,-29085.0,299696.0,1639141.0,844157.0,1.13,110.9,9.22,4644.0,55838.0,87.63,N, ,Y,
2026-09-30T22:01:16+09:00,1540,20260930,테크윙,089030,후공정·패키징,52400.0,2.54,51100.0,53300.0,50700.0,65.38461538461539,34.61538461538461,693859.0,765357.0,0.9065821570848637,582443.0,1.1912908215911258,36078042950.0,38359015175.0,0.9405362151610557,27843622132.5,1.2957381327154456,37053645.0,1941610998000.0,51998.4,36079557825.6,1.8582279283937182,1.87,9.166666666666657,5.645161290322576,,,,,,,,,,,0,0,33349.0,27121.0,1409385750.0,3.91,3.91,114787.0,1103861.0,5718329500.0,52447157150.0,-138482.0,-491750.0,-1358259.0,4098670.0,214770.0,3.15,207.94,8.71,252.0,6018.0,90.66,N, ,Y,
2026-09-30T22:01:22+09:00,1540,20260930,엑시콘,092870,테스트·검사·인터페이스,48800.0,1.67,48550.0,49900.0,47500.0,54.166666666666664,45.83333333333333,279857.0,397743.0,0.7036126342889756,407217.3,0.68724241332576,13606600050.0,18848366100.0,0.7218981198587818,14128271446.25,0.9630760636051862,13050797.0,636878893600.0,48619.8,13606591368.6,2.1364487825444876,2.14,27.916120576671034,103.33333333333331,,,,,,,,,,,0,0,-16847.0,6972.0,338718950.0,2.49,2.49,26862.0,70162.0,1252563350.0,2518395700.0,-400.0,-99273.0,-172888.0,451189.0,22018.0,2.04,71.03,3.23,687.0,15111.0,70.36,N, ,Y,
2026-09-30T22:01:27+09:00,1540,20260930,하나마이크론,067310,후공정·패키징,47600.0,2.37,46750.0,47750.0,46100.0,90.9090909090909,9.090909090909092,1397100.0,1417035.0,0.9859318930019372,1749031.65,0.7987848590390003,65754050975.0,65125169725.0,1.0096565007454958,69742197462.5,0.9428158757164999,66490869.0,3164965364400.0,47064.3,65753533530.00001,2.077543541853744,2.1,6.25,33.895921237693386,,,,,,,,,,,0,0,-154359.0,34893.0,1643934700.0,2.5,2.5,390040.0,1846714.0,17998151475.0,71530223000.0,-10604.0,-312064.0,11497.0,4766949.0,226906.0,2.99,82.78,7.92,575.0,6007.0,98.59,N, ,Y,
2026-09-30T22:01:33+09:00,1540,20260930,두산테스나,131970,후공정·패키징,97900.0,1.66,98000.0,98400.0,95300.0,83.87096774193549,12.903225806451612,203103.0,314124.0,0.6465695075829927,340705.95,0.5961240183800723,19730181050.0,29452502650.0,0.6698982862157556,29100246262.5,0.6780073567770895,19327238.0,1892136600200.0,97143.71,19730178932.13,1.042746011574667,1.05,3.0526315789473735,22.069825436408983,,,,,,,,,,,0,0,-49813.0,32178.0,3128933950.0,15.84,15.86,190186.0,721910.0,18030750600.0,61977765100.0,-17341.0,108013.0,-154203.0,1840332.0,180168.0,2.25,51.45,4.3,1903.0,22749.0,64.66,N, ,Y,
2026-09-30T22:01:39+09:00,1540,20260930,SFA반도체,036540,후공정·패키징,10770.0,2.09,10680.0,10970.0,10470.0,60.0,40.0,5135701.0,4075063.0,1.2602752399165362,6747261.1,0.7611534404678664,55085066005.0,42665870585.0,1.2910803236806847,59510352502.5,0.9256383753177383,164460303.0,1771237463310.0,10725.9,55085015355.9,3.109973478821969,3.12,2.0853080568720372,88.94736842105264,,,,,,,,,,,0,0,826564.0,77946.0,838809885.0,1.52,1.52,697887.0,6518856.0,7476618925.0,48883644770.0,19559.0,-1315386.0,-3223841.0,10706114.0,115304.0,0.88,-92.84,3.73,-116.0,2884.0,126.03,N, ,Y,
2026-09-30T22:01:45+09:00,1540,20260930,네패스,033640,후공정·패키징,29350.0,-0.17,29250.0,29500.0,28500.0,85.0,15.0,184872.0,413778.0,0.4467903078462364,207426.55,0.8912648838829939,5362268525.0,11882493675.0,0.4512746795129264,5251212096.25,1.0211487227547535,23059202.0,676787578700.0,29005.3,5362267821.599999,0.7923117962507605,0.8,6.533575317604345,29.29515418502202,,,,,,,,,,,0,0,-5420.0,8686.0,251489625.0,4.7,4.69,45372.0,165604.0,1282205200.0,4216236175.0,-30.0,36.0,-15139.0,1082362.0,31767.0,1.33,40.82,5.48,719.0,5360.0,44.68,N, ,Y,
2026-09-30T22:01:51+09:00,1540,20260930,ISC,095340,테스트·검사·인터페이스,213000.0,1.67,211500.0,214500.0,207500.0,78.57142857142857,21.428571428571427,131170.0,129132.0,1.0157823002818822,160325.75,0.8181468042407412,27722453750.0,26507012700.0,1.0458535657622408,30277485290.0,0.9156128220184828,21197058.0,4514973354000.0,211344.81,27722098727.7,0.6140035954617508,0.62,6.98141637368157,25.663716814159287,,,,,,,,,,,0,0,21930.0,25055.0,5294334000.0,19.1,19.1,159077.0,683624.0,33374434750.0,131264175300.0,156867.0,168381.0,634431.0,2371781.0,505189.0,0.55,80.44,8.12,2648.0,26223.0,101.58,N, ,Y,
2026-09-30T22:01:56+09:00,1540,20260930,리노공업,058470,테스트·검사·인터페이스,73700.0,0.27,74500.0,75500.0,72600.0,37.93103448275862,34.48275862068966,535216.0,751392.0,0.7122993058217282,723636.7,0.7396197567094096,39525546100.0,54707242450.0,0.7224920198842887,50667413295.0,0.7800979669096407,76211850.0,5616813345000.0,73849.71,39525546387.36,0.7037005497529133,0.7,5.587392550143266,10.660660660660671,,,,,,,,,,,0,0,-152692.0,36955.0,2727393650.0,6.9,6.9,488380.0,1825027.0,35912022900.0,126960354450.0,-34269.0,-381559.0,-12971.0,7570820.0,557969.0,1.86,0.0,0.0,0.0,0.0,71.23,N, ,Y,
2026-09-30T22:02:02+09:00,1540,20260930,티에스이,131290,테스트·검사·인터페이스,288500.0,-2.86,301500.0,301500.0,282000.0,33.33333333333333,0.0,60071.0,117433.0,0.5115342365433907,150366.85,0.39949629855250673,17280338250.0,34593672250.0,0.499523095585783,39944953537.5,0.4326037889561533,11061429.0,3191222266500.0,287665.01,17280324815.71,0.5414954952248544,0.54,7.050092764378468,21.729957805907162,,,,,,,,,,,0,0,-20.0,9255.0,2670796500.0,15.41,15.46,23620.0,233760.0,6824203500.0,61447547750.0,-1271.0,-23946.0,151655.0,620173.0,178919.0,0.29,83.48,8.16,3456.0,35375.0,51.15,N, ,Y,
2026-09-30T22:02:08+09:00,1540,20260930,기가비스,420770,테스트·검사·인터페이스,127100.0,-1.47,131000.0,134700.0,122300.0,38.70967741935484,29.838709677419356,107417.0,162449.0,0.6612352184377867,156318.55,0.6871673259507589,13669338700.0,20024416900.0,0.68263354524945,16675492090.0,0.8197262561263342,12675758.0,1611088841800.0,127254.98,13669348186.66,0.8484540288534199,0.85,15.650591446769791,12.777284826974267,,,,,,,,,,,0,0,11267.0,2828.0,362964250.0,2.63,2.66,50185.0,211522.0,6060753050.0,22831812300.0,38105.0,135044.0,187200.0,1129205.0,143521.0,0.19,104.27,7.64,1219.0,16646.0,66.12,N, ,Y,
2026-09-30T22:02:14+09:00,1540,20260930,인텍플러스,064290,테스트·검사·인터페이스,53800.0,-4.44,54100.0,54900.0,51500.0,67.64705882352942,23.52941176470588,328752.0,357055.0,0.9207321000966238,413005.9,0.795998313825541,17304173050.0,19820346250.0,0.8730509967755987,19005023866.25,0.9105051996661552,12957578.0,697117696400.0,52632.29,17302970602.08,2.482073069072071,2.54,5.905511811023612,61.31934032983508,,,,,,,,,,,0,0,-37119.0,3815.0,201185350.0,1.16,1.16,44750.0,286157.0,2459154600.0,12549451925.0,-11319.0,-63829.0,-151854.0,1540606.0,82884.0,0.21,-209.34,14.29,-257.0,3765.0,92.07,N, ,Y,
2026-09-30T22:02:20+09:00,1540,20260930,오킨스전자,080580,테스트·검사·인터페이스,24500.0,-2.58,25250.0,25300.0,23800.0,46.666666666666664,3.3333333333333335,334010.0,456068.0,0.7323688572756695,353108.75,0.9459125552680301,8140019475.0,11203436300.0,0.7265645340438986,7982505460.5,1.0197324029754105,21090955.0,516728397500.0,24370.54,8140004065.400001,1.5752964429248346,1.58,6.290672451193058,16.666666666666675,,,,,,,,,,,0,0,43546.0,11031.0,271578500.0,3.3,3.34,82218.0,263076.0,2028913600.0,5951320385.0,0.0,26318.0,26725.0,1057373.0,25905.0,0.69,59.32,9.78,413.0,2506.0,73.24,N, ,Y,
2026-09-30T22:02:26+09:00,1540,20260930,마이크로컨텍솔,098120,테스트·검사·인터페이스,55800.0,-3.29,58300.0,58700.0,54500.0,30.952380952380953,9.523809523809524,134525.0,133989.0,1.004000328385166,152898.25,0.8798334840326819,7480521650.0,7654913500.0,0.9772183121337688,7910865222.5,0.9456009475074836,8312766.0,463852342800.0,55606.9,7480518222.5,1.6126938536829571,1.62,-3.125,33.81294964028776,,,,,,,,,,,0,0,14235.0,1133.0,64411700.0,0.84,0.86,11989.0,45694.0,695407400.0,2432368500.0,0.0,-2924.0,-22547.0,338688.0,18898.0,1.66,27.47,5.7,2031.0,9781.0,100.4,N, ,Y,
2026-09-30T22:02:31+09:00,1540,20260930,티씨케이,064760,공정부품·소모품,303000.0,1.0,301000.0,311000.0,297500.0,40.74074074074074,59.25925925925925,51471.0,84895.0,0.6062901230932328,67329.75,0.7644614750537466,15532362250.0,24642473250.0,0.6303085770824566,17971871100.0,0.8642596067807319,11179416.0,3387363048000.0,301769.2,15532362493.2,0.45853846408257803,0.46,13.271028037383182,22.1774193548387,,,,,,,,,,,0,0,7364.0,7808.0,2354878000.0,15.17,15.16,42658.0,237283.0,12238961000.0,63709655500.0,-6565.0,-17709.0,863.0,731644.0,221688.0,0.21,49.13,6.85,6167.0,44219.0,60.63,N, ,Y,
2026-09-30T22:02:37+09:00,1540,20260930,원익QnC,074600,공정부품·소모품,30550.0,2.52,29900.0,31300.0,29700.0,53.125,46.875,304924.0,232832.0,1.309630978559648,170119.85,1.7924069413416481,9362713775.0,6774808375.0,1.381989461067229,4608270617.5,2.031719608532734,26288000.0,803098400000.0,30705.07,9362712764.68,1.1658238597760873,1.16,6.260869565217386,16.380952380952387,,,,,,,,,,,0,0,-37067.0,11263.0,345151800.0,3.69,3.69,36713.0,158361.0,1083578825.0,4293099475.0,-48.0,956.0,-16575.0,1528222.0,46687.0,2.57,35.69,1.65,856.0,18524.0,130.96,N, ,Y,
2026-09-30T22:02:43+09:00,1540,20260930,하나머티리얼즈,166090,공정부품·소모품,59800.0,0.0,59900.0,61000.0,59300.0,29.411764705882355,64.70588235294117,80485.0,134151.0,0.59995825599511,160094.25,0.502735107600679,4836473450.0,7856882850.0,0.6155715367450082,8513718533.75,0.568080026468728,19777674.0,1182704905200.0,60091.61,4836473230.85,0.40893321821745,0.41,4.181184668989557,15.444015444015434,,,,,,,,,,,0,0,-8843.0,6298.0,378140450.0,7.83,7.82,37300.0,382156.0,2174454650.0,19988111850.0,-1570.0,3071.0,-271175.0,956747.0,57213.0,1.97,30.82,2.49,1940.0,24038.0,60.0,N, ,Y,
2026-09-30T22:02:49+09:00,1540,20260930,코미코,183300,공정부품·소모품,34150.0,1.64,33450.0,34500.0,32800.0,79.41176470588235,20.588235294117645,345448.0,674886.0,0.5118612624947028,564566.9,0.6118814262756105,11610065225.0,21844343775.0,0.5314906844804039,16145589460.0,0.719085868853747,51363275.0,1754055841250.0,33608.7,11610058197.599998,0.6618978669074911,0.67,7.559055118110236,29.111531190926264,,,,,,,,,,,0,0,-73941.0,20275.0,681544050.0,5.87,5.87,127008.0,1041170.0,4082393300.0,29306562125.0,-19785.0,-53221.0,-740610.0,2818726.0,96259.0,1.1,35.17,6.37,971.0,5361.0,51.19,N, ,Y,
2026-09-30T22:02:54+09:00,1540,20260930,월덱스,101160,공정부품·소모품,32200.0,-0.16,32250.0,33000.0,31600.0,42.857142857142854,53.57142857142857,58699.0,102805.0,0.5709741744078596,43093.25,1.3621390821068264,1892095175.0,3235041775.0,0.584875036119124,1307258506.25,1.4473764492285934,16510993.0,531653974600.0,32233.85,1892094761.1499999,0.35588838822724,0.36,3.0399999999999983,8.967851099830803,,,,,,,,,,,0,0,1932.0,1678.0,53814550.0,2.86,2.84,14797.0,84455.0,458294700.0,2546971375.0,-1500.0,18448.0,-6075.0,708473.0,22812.0,1.88,12.97,1.53,2482.0,20992.0,57.1,N, ,Y,
2026-09-30T22:03:00+09:00,1540,20260930,한솔아이원스,114810,공정부품·소모품,14900.0,-1.39,15140.0,15350.0,14790.0,19.642857142857142,37.5,236900.0,245245.0,0.9659728027074966,220116.4,1.0762487483894885,3550473130.0,3701076220.0,0.9593082981684716,2970446511.0,1.1952658015729543,28143174.0,419333292600.0,14987.22,3550472418.0,0.8466946175406059,0.84,7.426099495313632,12.030075187969924,,,,,,,,,,,0,0,74340.0,15259.0,228566070.0,6.44,6.44,94899.0,185089.0,1387267510.0,2546033680.0,-4148.0,42836.0,100534.0,1151402.0,17155.0,2.71,15.08,1.96,988.0,7607.0,96.6,N, ,Y,
2026-09-30T22:03:06+09:00,1540,20260930,비씨엔씨,146320,공정부품·소모품,10770.0,4.56,10400.0,11250.0,10400.0,43.529411764705884,56.470588235294116,27247.0,8665.0,3.1444893248701673,20865.6,1.3058335250364237,292121155.0,89666050.0,3.2578791527004927,202347058.5,1.4436639562022593,12797923.0,137833630710.0,10721.22,292121081.34,0.21193744939841178,0.21,2.57142857142858,9.45121951219512,,,,,,,,,,,0,0,-3255.0,1.0,10630.0,0.0,0.0,406.0,18751.0,4295820.0,173643150.0,-209.0,-77.0,-23691.0,614535.0,6618.0,1.27,119.67,1.74,90.0,6182.0,314.45,N, ,Y,
2026-09-30T22:03:12+09:00,1540,20260930,솔브레인,357780,소재·케미컬,405000.0,4.79,391500.0,418500.0,391500.0,50.0,50.0,88187.0,66206.0,1.3320091834576926,27977.65,3.152051727003519,35943597250.0,25189298750.0,1.426939177891961,9675034300.0,3.715087320155547,7778566.0,3150319230000.0,407583.85,35943596979.95,1.1409509435635827,1.13,18.768328445747805,18.248175182481763,,,,,,,,,,,0,0,-12686.0,7918.0,3225650750.0,8.98,8.97,30190.0,66623.0,11455386500.0,23584140500.0,1596.0,-100.0,-94769.0,704859.0,285467.0,0.54,39.85,2.94,10164.0,137853.0,133.2,N, ,Y,
2026-09-30T22:03:18+09:00,1540,20260930,동진쎄미켐,005290,소재·케미컬,48200.0,3.43,47000.0,49850.0,46650.0,48.4375,51.5625,794027.0,496900.0,1.5979613604346952,304098.35,2.611086183137791,38327616550.0,22747410000.0,1.6849222197164424,13013405725.0,2.9452410352786416,50970126.0,2456760073200.0,48269.95,38327643588.649994,1.560088997161499,1.56,13.278495887191543,13.145539906103277,,,,,,,,,,,0,0,-29884.0,47142.0,2269918350.0,5.94,5.92,158687.0,461768.0,7300912550.0,19725875100.0,33526.0,33792.0,164599.0,2733693.0,131764.0,3.44,25.01,2.29,1927.0,21091.0,159.8,N, ,Y,
2026-09-30T22:03:23+09:00,1540,20260930,이엔에프테크놀로지,102710,소재·케미컬,47450.0,0.74,47400.0,49200.0,47000.0,20.454545454545457,79.54545454545455,80292.0,50601.0,1.586767059939527,64900.2,1.2371610565144637,3842330725.0,2333592575.0,1.6465302324678506,2784423226.25,1.3799377511208188,14287836.0,677957818200.0,47854.71,3842350375.3199997,0.5667536050430932,0.56,10.348837209302332,6.629213483146068,,,,,,,,,,,0,0,1527.0,1999.0,95735000.0,2.49,2.49,17920.0,38687.0,817335600.0,1700446375.0,102.0,-23045.0,-34378.0,738419.0,35037.0,2.49,13.05,1.51,3635.0,31327.0,158.68,N, ,Y,
2026-09-30T22:03:29+09:00,1540,20260930,원익머트리얼즈,104830,소재·케미컬,40250.0,5.92,39350.0,41250.0,39200.0,51.21951219512195,48.78048780487805,200982.0,168653.0,1.1916894451921993,52530.95,3.8259730692096756,8115810675.0,6314981125.0,1.2851678436331035,1766814233.75,4.593471413106336,12608000.0,507472000000.0,40380.78,8115809925.96,1.5992626048254879,1.59,14.50924608819346,22.154779969650985,,,,,,,,,,,0,0,-48419.0,7854.0,315943475.0,3.91,3.89,27454.0,51169.0,1035075825.0,1804890025.0,-192.0,-354.0,-32399.0,236689.0,9526.0,1.73,10.42,0.97,3863.0,41679.0,119.17,N, ,Y,
2026-09-30T22:03:35+09:00,1540,20260930,한솔케미칼,014680,소재·케미컬,262000.0,6.07,251000.0,267000.0,251000.0,68.75,31.25,83617.0,70969.0,1.1782186588510477,46898.05,1.7829525961100727,21949757250.0,17468617750.0,1.2565251334782914,10002413787.5,2.1944460323597665,10794036.0,2828037432000.0,262503.67,21949769374.39,0.7761484740627012,0.77,21.57772621809744,26.570048309178752,,,,,,,,,,,0,0,-5799.0,22293.0,5848763750.0,26.66,26.65,66443.0,158707.0,16324749250.0,35182474550.0,1867.0,-22229.0,7246.0,587337.0,153882.0,0.23,20.16,2.64,12993.0,99420.0,117.82,N, ,Y,
2026-09-30T22:03:41+09:00,1540,20260930,디엔에프,092070,소재·케미컬,13500.0,0.07,13400.0,13890.0,13300.0,33.89830508474576,66.10169491525424,49100.0,24424.0,2.010317720275139,25655.0,1.91385694796336,665776780.0,327705040.0,2.0316342403522385,315027522.75,2.1133924242179565,11571858.0,156220083000.0,13559.61,665776851.0,0.42617878458046904,0.42,7.398568019093088,5.882352941176472,,,,,,,,,,,0,0,11029.0,0.0,0.0,0.0,0.0,549.0,2389.0,7292380.0,28769900.0,-90.0,-456.0,3645.0,204541.0,2761.0,0.3,0.0,0.0,0.0,0.0,201.03,N, ,Y,
2026-09-30T22:03:46+09:00,1540,20260930,레이크머티리얼즈,281740,소재·케미컬,11580.0,3.86,11400.0,11870.0,11240.0,53.96825396825397,46.03174603174603,1006904.0,579132.0,1.7386433490119697,369713.4,2.723471748657203,11643192430.0,6343602920.0,1.8354226418068424,4162403376.5,2.797228278194964,65730548.0,761159745840.0,11563.41,11643243782.64,1.5296715106486298,1.53,8.52858481724461,-5.392156862745101,,,,,,,,,,,0,0,-122306.0,15955.0,183245590.0,1.58,1.57,90195.0,389998.0,985274030.0,4341036870.0,-20553.0,-79089.0,-192591.0,2638559.0,30554.0,1.59,98.97,5.65,117.0,2049.0,173.86,N, ,Y,
2026-09-30T22:03:52+09:00,1540,20260930,심텍,222800,기판·PCB,150400.0,-1.18,151800.0,152600.0,148000.0,52.17391304347826,17.391304347826086,373717.0,596159.0,0.6268747095992847,692760.5,0.5394606072372775,56066678300.0,89222656950.0,0.628390592889646,91980705932.5,0.6095482496203553,38484526.0,5788072710400.0,150024.34,56066646271.78,0.9686582922678137,0.97,15.072685539403219,16.31863882443929,,,,,,,,,,,0,0,-59438.0,67469.0,10107747500.0,18.05,18.03,381829.0,1638841.0,56980125250.0,216551119450.0,-26936.0,18340.0,-565287.0,6360718.0,956651.0,1.59,-30.35,9.75,-4955.0,15419.0,62.69,N, ,Y,
2026-09-30T22:03:58+09:00,1540,20260930,대덕전자,353200,기판·PCB,132300.0,1.61,130300.0,134000.0,128000.0,71.66666666666667,28.333333333333332,885776.0,1523919.0,0.5812487409107702,973201.35,0.9101672536726342,116495011400.0,194583878650.0,0.5986878882681784,106700862257.5,1.0917907216050784,49416925.0,6537859177500.0,131516.92,116494531329.92001,1.7818452213047842,1.79,29.833169774288514,17.391304347826097,,,,,,,,,,,0,0,-245365.0,26312.0,3457380250.0,2.97,2.97,270332.0,603498.0,32963494900.0,67177138400.0,-7666.0,-211158.0,-376892.0,1579825.0,209010.0,1.64,143.18,7.6,924.0,17419.0,58.12,N, ,Y,
2026-09-30T22:04:04+09:00,1540,20260930,이수페타시스,007660,기판·PCB,115400.0,-2.2,118200.0,118900.0,114100.0,27.083333333333332,14.583333333333334,580461.0,597015.0,0.9722720534659933,648734.7,0.8947586740774003,67311616950.0,69281591100.0,0.9715656912792813,71552862865.0,0.9407256992218183,73409219.0,8471423872600.0,115963.55,67312318196.55,0.7945809253420217,0.79,4.623753399818686,1.2280701754386003,,,,,,,,,,,0,0,-147264.0,39168.0,4563409900.0,6.75,6.78,397205.0,1580557.0,45960183150.0,173462886600.0,-25312.0,-99077.0,223869.0,5297250.0,611302.0,1.46,51.13,11.21,2257.0,10292.0,97.23,N, ,Y,
2026-09-30T22:04:10+09:00,1540,20260930,티엘비,356860,기판·PCB,45850.0,0.77,45200.0,45850.0,44700.0,100.0,0.0,413666.0,590090.0,0.7010218780186074,638311.25,0.6480631510097934,18754762475.0,26512056850.0,0.7074050339100717,25803562592.5,0.726828414013312,23701260.0,1086702771000.0,45337.92,18754756014.719997,1.7258404519813264,1.75,20.34120734908136,9.166666666666657,,,,,,,,,,,0,0,-24940.0,27619.0,1252929900.0,6.68,6.68,185863.0,485535.0,8313528350.0,19713173475.0,-27296.0,4839.0,168122.0,1472041.0,67493.0,2.54,51.57,7.75,889.0,5918.0,70.1,N, ,Y,
2026-09-30T22:04:15+09:00,1540,20260930,코리아써키트,007810,기판·PCB,74500.0,0.54,74600.0,75300.0,72300.0,73.33333333333333,23.333333333333332,396774.0,1370761.0,0.28945527338463817,511853.6,0.7751708691704035,29334530850.0,99067384550.0,0.29610684670083987,32245043503.75,0.909737673220645,23982620.0,1786705190000.0,73932.56,29334517561.44,1.641821925946272,1.65,42.44741873804971,21.53344208809136,,,,,,,,,,,0,0,-51375.0,34138.0,2530511500.0,8.6,8.63,248358.0,488835.0,16919030300.0,29754905525.0,118036.0,10869.0,169229.0,1102872.0,82163.0,3.23,43.16,4.64,1726.0,16070.0,28.95,N, ,Y,
2026-09-30T22:04:21+09:00,1540,20260930,해성디에스,195870,기판·PCB,62200.0,-1.27,63400.0,63900.0,61200.0,37.03703703703704,18.51851851851852,135331.0,184410.0,0.7338593351770512,153590.5,0.881115694004512,8424901900.0,11335512000.0,0.7432308218631853,8498295197.5,0.9913637622847473,17000000.0,1057400000000.0,62254.07,8424905547.17,0.7967567190438812,0.8,10.479573712255764,15.398886827458247,,,,,,,,,,,0,0,-33313.0,10777.0,670694300.0,7.96,7.96,54499.0,142921.0,3333976950.0,8008642550.0,1000.0,24043.0,-49643.0,532748.0,33136.0,2.5,44.4,1.87,1401.0,33198.0,73.39,N, ,Y,
2026-09-30T22:04:27+09:00,1540,20260930,와이씨,232140,테스트·검사·인터페이스,14690.0,3.23,14450.0,15450.0,14230.0,37.704918032786885,62.295081967213115,2802209.0,1815001.0,1.5439159537653147,2620334.75,1.0694087845073994,41774883120.0,25354965945.0,1.6476016260727027,33820644231.0,1.2351888637801034,82045350.0,1205246191500.0,14907.9,41775051551.1,3.466101104132798,3.42,3.087719298245606,35.892691951896396,,,,,,,,,,,0,0,24965.0,103380.0,1532297695.0,3.69,3.67,491339.0,1698353.0,7095333790.0,21413512340.0,10235.0,53361.0,-814535.0,2866607.0,42110.0,2.56,62.51,3.27,235.0,4490.0,154.39,N, ,Y,
2026-09-30T22:04:33+09:00,1540,20260930,디아이,003160,테스트·검사·인터페이스,37150.0,1.23,36850.0,37450.0,36200.0,76.0,24.0,325130.0,439091.0,0.7404615444178997,687801.95,0.47270874995338413,11961254300.0,16096519725.0,0.7430956818213696,21914483115.0,0.5458150318778349,28300000.0,1051345000000.0,36789.14,11961253088.2,1.1377096089485375,1.15,4.943502824858759,53.51239669421488,,,,,,,,,,,0,0,-16910.0,4517.0,165932100.0,1.39,1.39,36459.0,298738.0,1301363850.0,9275236325.0,78062.0,52134.0,150144.0,1328483.0,49353.0,3.05,206.39,5.91,180.0,6287.0,74.05,N, ,Y,
2026-09-30T22:04:38+09:00,1540,20260930,에이팩트,200470,후공정·패키징,9230.0,12.7,8200.0,9390.0,8050.0,88.05970149253731,11.940298507462686,3004006.0,852162.0,3.5251583619077125,822969.6,3.6502028750515207,27012251900.0,6832618965.0,3.9534257710505885,5799167957.25,4.657953020006921,43823556.0,404491421880.0,8991.86,27011601391.16,6.677916991568118,6.85,14.658385093167702,51.31147540983607,,,,,,,,,,,0,0,91057.0,50305.0,448241650.0,1.67,1.66,120401.0,464083.0,1009389240.0,3283138540.0,-34008.0,-40810.0,-7185.0,915346.0,8448.0,0.39,-7.71,7.08,-1197.0,1304.0,352.52,N, ,Y,
2026-09-30T22:04:44+09:00,1540,20260930,네패스아크,330860,후공정·패키징,30800.0,-2.38,31450.0,31800.0,30000.0,44.44444444444444,19.444444444444446,176626.0,381375.0,0.46312946574893477,184853.8,0.9554902306579579,5437302425.0,11514218900.0,0.4722250351693418,4830759511.25,1.1255584991009109,12184045.0,375268586000.0,30784.7,5437378422.2,1.4489298132191646,1.45,10.99099099099099,20.3125,,,,,,,,,,,0,0,-26126.0,3714.0,115039000.0,2.1,2.12,19105.0,46829.0,560786950.0,1252646400.0,-20013.0,-23370.0,-46423.0,624636.0,19238.0,2.21,-13.08,2.27,-2354.0,13574.0,46.31,N, ,Y,
2026-09-30T22:04:50+09:00,1540,20260930,LB세미콘,061970,후공정·패키징,4545.0,0.78,4600.0,4705.0,4450.0,37.254901960784316,41.17647058823529,335475.0,359355.0,0.9335476061276453,400346.1,0.8379624529875526,1531067656.0,1616018704.0,0.9474318906150482,1631396874.7,0.9385010353667315,70083006.0,318527262270.0,4563.88,1531067643.0,0.48067083240811853,0.48,4.965357967667439,6.815511163337251,,,,,,,,,,,0,0,-51610.0,17577.0,79789555.0,5.24,5.21,90406.0,463392.0,401577696.0,1885319234.0,-1000.0,-49529.0,-203509.0,1586166.0,7209.0,0.4,-1.87,1.08,-2436.0,4199.0,93.35,N, ,Y,
2026-09-30T22:04:56+09:00,1540,20260930,티에프이,425420,테스트·검사·인터페이스,63300.0,0.0,63900.0,64400.0,60900.0,68.57142857142857,14.285714285714285,109820.0,79786.0,1.3764319554809115,134385.55,0.8172009565016477,6863038600.0,5010878200.0,1.3696279027496616,7643348843.75,0.8979099005289988,12347181.0,781576557300.0,62493.52,6863038366.4,0.8781018701621183,0.89,8.762886597938135,36.86486486486486,,,,,,,,,,,0,0,20328.0,1250.0,79217100.0,1.14,1.15,14503.0,48042.0,928886150.0,2774196200.0,0.0,-726.0,24570.0,277426.0,17561.0,2.8,40.22,6.73,1574.0,9411.0,137.64,N, ,Y,
2026-09-30T22:05:01+09:00,1540,20260930,프로텍,053610,후공정·패키징,80500.0,2.55,78800.0,81600.0,77400.0,73.80952380952381,26.190476190476193,62033.0,34646.0,1.7904808635917566,28234.2,2.197087220463126,4960731450.0,2624026800.0,1.890503347755442,1895787530.0,2.61671277582462,9000000.0,724500000000.0,79969.23,4960731244.59,0.6847110068447205,0.69,17.690058479532155,32.61943986820428,,,,,,,,,,,0,0,-19457.0,2207.0,177348400.0,3.56,3.58,9624.0,17861.0,730749000.0,1244590050.0,0.0,-550.0,8563.0,215929.0,17382.0,2.26,18.59,2.08,4331.0,38739.0,179.05,N, ,Y,
2026-09-30T22:05:07+09:00,1540,20260930,유니셈,036200,전공정 장비,10300.0,-1.34,10360.0,10590.0,10070.0,44.230769230769226,44.230769230769226,307050.0,1085509.0,0.28286269390672947,238152.5,1.28929992336843,3149204850.0,10964491295.0,0.2872185097575929,2239030381.75,1.4065038490181712,30664223.0,315841496900.0,10256.33,3149206126.5,0.9970843468668984,1.0,8.64978902953586,13.938053097345126,,,,,,,,,,,0,0,-33994.0,38730.0,394968220.0,12.61,12.54,111017.0,275650.0,1089521110.0,2575761645.0,-5100.0,-113727.0,-239239.0,1189405.0,12250.0,2.95,35.15,1.24,293.0,8275.0,28.29,N, ,Y,
2026-09-30T22:05:13+09:00,1540,20260930,에프에스티,036810,공정부품·소모품,31550.0,-1.71,32250.0,32550.0,30950.0,37.5,18.75,92346.0,161528.0,0.5717027388440394,131765.85,0.7008340932039675,2909893475.0,5070506900.0,0.5738861089016564,3649722756.25,0.79729164907579,21649789.0,683050842950.0,31510.77,2909893566.42,0.42601419739892005,0.43,4.470198675496695,17.286245353159856,,,,,,,,,,,0,0,-28404.0,13475.0,422913500.0,14.59,14.53,81771.0,301021.0,2518975200.0,8345238550.0,-2176.0,8583.0,39102.0,1767388.0,55761.0,4.29,-56.74,2.69,-556.0,11707.0,57.17,N, ,Y,
2026-09-30T22:05:19+09:00,1540,20260930,와이씨켐,112290,소재·케미컬,12580.0,16.7,10900.0,12800.0,10820.0,88.88888888888889,11.11111111111111,1202265.0,179260.0,6.70682249246904,99259.2,12.112378499927463,14589603025.0,1924070790.0,7.58267476478867,998725902.25,14.608215319269798,20221090.0,254381312200.0,12134.71,14589137118.15,5.735145004158053,5.95,22.8515625,24.801587301587304,,,,,,,,,,,0,0,139952.0,7210.0,85061720.0,0.6,0.58,20694.0,83565.0,227188710.0,837538745.0,5952.0,876.0,4056.0,524509.0,6598.0,2.72,-7.96,2.86,-1581.0,4401.0,670.68,N, ,Y,
2026-09-30T22:05:25+09:00,1540,20260930,샘씨엔에스,252990,테스트·검사·인터페이스,19970.0,0.1,20000.0,20350.0,19370.0,61.224489795918366,35.714285714285715,516670.0,1143859.0,0.45169028700215674,796907.95,0.6483433877149801,10241995930.0,22449714410.0,0.4562194308110131,12585005444.75,0.813825307820791,60217889.0,1202551243330.0,19823.11,10242006243.7,0.8516897970467129,0.86,10.392482034273076,54.8062015503876,,,,,,,,,,,0,0,25538.0,13565.0,269569340.0,2.63,2.63,96166.0,379084.0,1791033290.0,5949057515.0,-612.0,26222.0,227226.0,1585186.0,31656.0,1.27,0.0,0.0,0.0,0.0,45.17,N, ,Y,
2026-09-30T22:05:31+09:00,1540,20260930,제우스,079370,전공정 장비,13030.0,-2.03,13210.0,13505.0,12850.0,27.480916030534353,45.038167938931295,462441.0,1150342.0,0.4020030564823331,364009.15,1.2704103729260652,6068094880.0,15067493595.0,0.40272755662651405,4285716715.0,1.4158880027608172,31016990.0,404151379700.0,13121.89,6068099933.49,1.5014423402424921,1.49,14.599824098504843,26.25968992248062,,,,,,,,,,,0,0,-116404.0,30564.0,400537740.0,6.61,6.6,165775.0,253272.0,2131724095.0,3056799095.0,-9869.0,-11937.0,-29483.0,1069731.0,13938.0,3.92,-69.31,1.2,-188.0,10867.0,40.2,N, ,Y,
2026-09-30T22:05:37+09:00,1540,20260930,케이엔제이,272110,공정부품·소모품,30500.0,2.01,30200.0,31450.0,29700.0,45.714285714285715,54.285714285714285,74379.0,52883.0,1.4064822343664316,70289.7,1.058177798454112,2286618400.0,1548063150.0,1.477083412262607,1886451562.5,1.2121267492125178,8025395.0,244774547500.0,30742.8,2286618721.2,0.934173403466306,0.93,2.006688963210701,27.083333333333325,,,,,,,,,,,0,0,2899.0,39.0,1170250.0,0.05,0.05,3622.0,35957.0,109016400.0,940778600.0,0.0,-84003.0,-71813.0,280952.0,8569.0,4.86,9.58,2.46,3185.0,12376.0,140.65,N, ,Y,
2026-09-30T22:05:42+09:00,1540,20260930,티이엠씨,425040,소재·케미컬,14240.0,6.59,13700.0,15170.0,13420.0,46.85714285714286,53.142857142857146,2815968.0,1044555.0,2.6958542154314515,835980.5,3.3684613456892833,40456793885.0,13929194020.0,2.9044605040974223,10079468185.75,4.0137825864857035,21922898.0,312182067520.0,14367.02,40457068575.36,12.959446676983813,12.84,11.076443057722308,60.72234762979684,,,,,,,,,,,0,0,-36474.0,486.0,6667620.0,0.02,0.02,91097.0,213918.0,1158802890.0,2508188290.0,6000.0,97916.0,117371.0,741071.0,10552.0,4.43,19.04,1.51,748.0,9438.0,269.59,N, ,Y,
2026-09-30T22:05:48+09:00,1540,20260930,덕산테코피아,317330,소재·케미컬,12530.0,2.79,12520.0,12790.0,12240.0,52.72727272727272,47.27272727272727,83126.0,106788.0,0.7784207963441585,185389.2,0.4483864216469999,1033731580.0,1328386600.0,0.7781857932020694,2407808759.75,0.4293246196626227,20476584.0,256571597520.0,12435.72,1033731660.7199999,0.40290182963038984,0.41,-1.3385826771653564,-7.390983000739093,,,,,,,,,,,0,0,20577.0,421.0,5260790.0,0.51,0.51,7656.0,96298.0,96277910.0,1233289005.0,-923.0,3107.0,-7061.0,543788.0,6813.0,0.15,-3.34,2.22,-3746.0,5642.0,77.84,N, ,Y,
2026-09-30T22:05:54+09:00,1540,20260930,파크시스템스,140860,테스트·검사·인터페이스,276500.0,2.41,276000.0,287000.0,274000.0,19.230769230769234,80.76923076923077,29199.0,28715.0,1.0168553021069127,27947.5,1.044780391806065,8171845000.0,7633212250.0,1.070564361681414,7158368212.5,1.1415793037483402,7002469.0,1936182678500.0,279867.29,8171845000.709999,0.422059606846648,0.42,9.722222222222232,5.333333333333323,,,,,,,,,,,0,0,2950.0,919.0,255805500.0,3.15,3.13,6669.0,51063.0,1763232500.0,13051452750.0,-4064.0,-22328.0,-161298.0,708656.0,195943.0,0.54,56.07,8.54,4931.0,32386.0,101.69,N, ,Y,
