code,name,signals,best_rank,price,change_pct,volume,prev_volume,avg_volume,volume_increase_pct,volume_turnover_pct,turnover_value,avg_turnover_value,turnover_value_turnover_pct,listed_shares,market_cap_est_won,market_cap_check,known_in_universe,registered_group,registered_source,classification_status,eligible_for_model
005930,삼성전자,trading_value:1,1,274500.0,2.23,13741073.0,16477580.0,13741073.0,83.39,0.24,3726945890883.0,3726945890883.0,0.23,5846278608.0,1604803477896000.0,verified,False,,,pending_review,False
468670,브릴스,trading_value:10|trading_value_turnover:1|turnover:1,1,31100.0,59.49,17862713.0,0.0,17862713.0,0.0,157.19,695823624775.0,695823624775.0,196.89,11363649.0,353409483900.0,verified,False,,,pending_review,False
Q610063,메리츠 KIS CD금리투자 ETN,volume_increase:1,1,55890.0,0.02,1252959.0,55.0,1252959.0,9999.99,4.54,70048800865.0,70048800865.0,4.54,27600000.0,1542564000000.0,verified,False,,,pending_review,False
069500,KODEX 200,trading_value:2,2,111520.0,1.8,26709163.0,20648748.0,26709163.0,129.35,11.6,2940328070693.0,2940328070693.0,11.45,230250000.0,25677480000000.0,verified,False,,,pending_review,False
102110,TIGER 200,trading_value:3,3,111810.0,1.74,24926745.0,12428553.0,24926745.0,200.56,26.75,2742791164426.0,2742791164426.0,26.32,93200000.0,10420692000000.0,verified,False,,,pending_review,False
122630,KODEX 레버리지,trading_value:4,4,113255.0,3.46,13725719.0,13730591.0,13725719.0,99.96,26.19,1506811406906.0,1506811406906.0,25.39,52400000.0,5934562000000.0,verified,False,,,pending_review,False
114800,KODEX 인버스,trading_value:12|trading_value_turnover:5|turnover:4,4,981.0,-1.7,677830824.0,558323712.0,677830824.0,121.4,88.5,675709844741.0,675709844741.0,89.93,765900000.0,751347900000.0,verified,False,,,pending_review,False
0035S0,빅웨이브로보틱스,trading_value:19|trading_value_turnover:4|turnover:5,4,30900.0,-20.46,8742471.0,14780326.0,8742471.0,59.15,85.12,311181476450.0,311181476450.0,98.05,10270411.0,317355699900.0,verified,False,,,pending_review,False
360750,TIGER 미국S&P500,trading_value:5,5,25965.0,0.54,33405731.0,40291792.0,33405731.0,82.91,4.14,866881476574.0,866881476574.0,4.14,806200000.0,20932983000000.0,verified,False,,,pending_review,False
133690,TIGER 미국나스닥100,trading_value:6,6,185655.0,2.11,4568074.0,5679619.0,4568074.0,80.43,6.93,842066772652.0,842066772652.0,6.89,65870000.0,12229094850000.0,verified,False,,,pending_review,False
266690,덕산넵코어스,trading_value:22|trading_value_turnover:6|turnover:7,6,16600.0,-7.68,15013153.0,45996532.0,15013153.0,32.64,79.46,275720036270.0,275720036270.0,87.91,18893889.0,313638557400.0,verified,False,,,pending_review,False
316140,우리금융지주,trading_value:7,7,33600.0,-3.72,24728143.0,3012115.0,24728143.0,820.96,3.36,824492283450.0,824492283450.0,3.33,736786557.0,24756028315200.0,verified,False,,,pending_review,False
379810,KODEX 미국나스닥100,trading_value:8,8,27755.0,2.12,27599606.0,27408056.0,27599606.0,100.7,7.65,760323762025.0,760323762025.0,7.59,360800000.0,10014004000000.0,verified,False,,,pending_review,False
229200,KODEX 코스닥150,trading_value:9,9,15315.0,5.95,49949887.0,31420904.0,49949887.0,158.97,15.01,749657833795.0,749657833795.0,14.71,332700000.0,5095300500000.0,verified,False,,,pending_review,False
379800,KODEX 미국S&P500,trading_value:11,11,23610.0,0.6,29362447.0,29918820.0,29362447.0,98.14,6.64,692515924531.0,692515924531.0,6.63,442250000.0,10441522500000.0,verified,False,,,pending_review,False
233740,KODEX 코스닥150레버리지,trading_value:13,13,8150.0,11.72,77618419.0,52875104.0,77618419.0,146.8,16.31,597458655703.0,597458655703.0,15.41,475800000.0,3877770000000.0,verified,False,,,pending_review,False
252670,KODEX 200선물인버스2X,trading_value:14|trading_value_turnover:13|turnover:13,13,69.0,-4.17,6305646246.0,6792115200.0,6305646246.0,92.84,58.75,453317881682.0,453317881682.0,61.21,10732500000.0,740542500000.0,verified,False,,,pending_review,False
084010,대한제강,volume_increase:14,14,8900.0,14.25,2902292.0,17332.0,2902292.0,9999.99,8.44,28061223785.0,28061223785.0,9.17,34371596.0,305907204400.0,verified,False,,,pending_review,False
494310,KODEX 반도체레버리지,trading_value:15|trading_value_turnover:26|turnover:23,15,105700.0,10.54,4360017.0,3212891.0,4360017.0,135.7,34.33,436257797049.0,436257797049.0,32.5,12700000.0,1342390000000.0,verified,False,,,pending_review,False
080220,제주반도체,trading_value:17,17,89400.0,14.18,3771574.0,1114376.0,3771574.0,338.45,10.95,318312229050.0,318312229050.0,10.34,34442833.0,3079189270200.0,verified,False,,,pending_review,False
475300,SOL 반도체전공정,trading_value_turnover:18|turnover:17,17,28150.0,7.44,5415104.0,3371461.0,5415104.0,160.62,41.5,148218315649.0,148218315649.0,40.35,13050000.0,367357500000.0,verified,False,,,pending_review,False
091160,KODEX 반도체,trading_value:18,18,149700.0,4.91,2154329.0,1404283.0,2154329.0,153.41,5.11,315022848019.0,315022848019.0,4.99,42200000.0,6317340000000.0,verified,False,,,pending_review,False
396500,TIGER 반도체TOP10,trading_value:20,20,39950.0,3.31,7930880.0,8718407.0,7930880.0,90.97,3.0,309510753537.0,309510753537.0,2.93,264200000.0,10554790000000.0,verified,False,,,pending_review,False
486510,글로벌테크놀로지,trading_value_turnover:22|turnover:27,22,16250.0,-14.92,6225503.0,39889188.0,6225503.0,15.61,31.69,112771602120.0,112771602120.0,35.32,19646144.0,319249840000.0,verified,False,,,pending_review,False
488080,TIGER 반도체TOP10레버리지,trading_value:27|trading_value_turnover:27|turnover:25,25,40760.0,6.73,5839907.0,5024219.0,5839907.0,116.24,32.26,227463279204.0,227463279204.0,30.83,18100000.0,737756000000.0,verified,False,,,pending_review,False
0167A0,SOL AI반도체TOP2플러스,trading_value:26,26,19500.0,4.0,12348288.0,9407819.0,12348288.0,131.26,4.01,234915800036.0,234915800036.0,3.91,308300000.0,6011850000000.0,verified,False,,,pending_review,False
001820,삼화콘덴서,trading_value:28,28,158900.0,6.5,1282920.0,907879.0,1282920.0,141.31,12.34,203081154350.0,203081154350.0,12.29,10395000.0,1651765500000.0,verified,False,,,pending_review,False
148020,RISE 200,trading_value:29,29,112325.0,1.71,1798870.0,1439829.0,1798870.0,124.94,4.45,198950918848.0,198950918848.0,4.38,40450000.0,4543546250000.0,verified,False,,,pending_review,False
490470,세미파이브,trading_value:30|turnover:30,30,20400.0,11.66,9513055.0,3020386.0,9513055.0,314.96,27.96,191977831310.0,191977831310.0,27.66,34025440.0,694118976000.0,verified,False,,,pending_review,False
